NOM;CODI;DATA_INI;DATA_FI;RESIDENCIA;IEPG_CONFIRMAT;R0_CONFIRMAT_M;IA14;TAXA_CASOS_CONFIRMAT;CASOS_CONFIRMAT;TAXA_PCR_TAR;PCR;TAR;PERC_PCR_TAR_POSITIVES;INGRESSOS_TOTAL;INGRESSOS_CRITIC;EXITUS
CATALUNYA;CATALUNYA;2020-11-01;2020-11-07;--;;;0.0000;0.0000;529;0.0000;3582;166;7.3237;68;15;0
CATALUNYA;CATALUNYA;2020-11-01;2020-11-07;Si;;;2798.2745;1396.7672;884;16680.6238;8469;2088;10.4550;114;5;139
CATALUNYA;CATALUNYA;2020-11-01;2020-11-07;No;611.099;0.880132;694.3272;306.0293;23372;3137.6122;178471;61154;10.7314;1512;295;312
CATALUNYA;CATALUNYA;2020-10-31;2020-11-06;--;;;0.0000;0.0000;546;0.0000;3890;164;7.0030;71;14;0
CATALUNYA;CATALUNYA;2020-10-31;2020-11-06;Si;;;2844.0961;1439.4286;911;17522.7922;8937;2153;10.1535;114;6;153
CATALUNYA;CATALUNYA;2020-10-31;2020-11-06;No;641.672;0.906287;708.0233;317.5911;24255;3213.1375;184715;60678;10.8609;1578;279;315
CATALUNYA;CATALUNYA;2020-10-30;2020-11-05;Si;;;3002.1014;1532.6518;970;18696.7719;9613;2220;9.6970;124;6;156
CATALUNYA;CATALUNYA;2020-10-30;2020-11-05;No;684.722;0.930787;735.6383;335.0583;25589;3301.1281;193989;58124;11.0408;1651;295;328
CATALUNYA;CATALUNYA;2020-10-30;2020-11-05;--;;;0.0000;0.0000;585;0.0000;4187;158;7.1045;76;17;0
CATALUNYA;CATALUNYA;2020-10-29;2020-11-04;Si;;;3147.4663;1415.7278;896;18037.8896;9246;2170;9.2549;125;9;138
CATALUNYA;CATALUNYA;2020-10-29;2020-11-04;No;714.583;0.939053;760.9618;346.2012;26440;3378.7746;203392;54651;11.0980;1749;347;307
CATALUNYA;CATALUNYA;2020-10-29;2020-11-04;--;;;0.0000;0.0000;611;0.0000;4151;149;7.4599;83;23;0
CATALUNYA;CATALUNYA;2020-10-28;2020-11-03;No;739.041;0.942898;783.7974;362.0709;27652;3423.5817;210738;50727;11.3039;1770;338;287
CATALUNYA;CATALUNYA;2020-10-28;2020-11-03;--;;;0.0000;0.0000;670;0.0000;4111;139;8.2022;91;22;0
CATALUNYA;CATALUNYA;2020-10-28;2020-11-03;Si;;;3327.5924;1374.6464;870;17337.9260;8872;2101;9.1682;116;9;136
CATALUNYA;CATALUNYA;2020-10-27;2020-11-02;No;754.271;0.950123;793.8666;373.3054;28510;3439.5300;217536;45147;11.5214;1821;357;274
CATALUNYA;CATALUNYA;2020-10-27;2020-11-02;--;;;0.0000;0.0000;671;0.0000;4206;122;8.1871;93;20;0
CATALUNYA;CATALUNYA;2020-10-27;2020-11-02;Si;;;3419.2355;1399.9273;886;18519.8059;9989;1732;8.7222;113;9;119
CATALUNYA;CATALUNYA;2020-10-26;2020-11-01;--;;;0.0000;0.0000;698;0.0000;4303;92;8.4676;97;14;0
CATALUNYA;CATALUNYA;2020-10-26;2020-11-01;Si;;;3409.7552;1409.4076;892;18218.0157;10230;1300;9.2066;117;9;113
CATALUNYA;CATALUNYA;2020-10-26;2020-11-01;No;764.129;0.963129;793.3821;382.7723;29233;3447.8708;223646;39674;11.6411;1831;354;268
CATALUNYA;CATALUNYA;2020-10-25;2020-10-31;--;;;0.0000;0.0000;689;0.0000;4289;91;8.4988;105;16;0
CATALUNYA;CATALUNYA;2020-10-25;2020-10-31;Si;;;3356.0334;1401.5073;887;18413.9423;10376;1278;9.0881;123;9;104
CATALUNYA;CATALUNYA;2020-10-25;2020-10-31;No;784.925;0.986979;795.2807;388.2979;29655;3459.9695;224973;39271;11.7947;1866;353;253
CATALUNYA;CATALUNYA;2020-10-24;2020-10-30;Si;;;3267.5504;1404.6674;889;18614.6091;10610;1171;9.1532;123;7;86
CATALUNYA;CATALUNYA;2020-10-24;2020-10-30;No;828.041;1.0479;790.1872;390.4322;29818;3422.2854;223329;38037;11.9358;1862;354;240
CATALUNYA;CATALUNYA;2020-10-24;2020-10-30;--;;;0.0000;0.0000;694;0.0000;4112;82;8.9527;103;16;0
CATALUNYA;CATALUNYA;2020-10-23;2020-10-29;Si;;;3134.8259;1469.4496;930;17664.9970;10464;716;10.6116;117;7;71
CATALUNYA;CATALUNYA;2020-10-23;2020-10-29;No;905.138;1.15851;781.2965;400.5799;30593;3370.9052;224181;33261;12.2818;1832;333;224
CATALUNYA;CATALUNYA;2020-10-23;2020-10-29;--;;;0.0000;0.0000;701;0.0000;3989;61;9.5572;103;16;0
CATALUNYA;CATALUNYA;2020-10-22;2020-10-28;Si;;;3137.9860;1731.7385;1096;17543.3329;10477;626;12.5985;120;5;73
CATALUNYA;CATALUNYA;2020-10-22;2020-10-28;No;963.026;1.25031;770.2322;414.7605;31676;3332.3569;225607;28891;12.7885;1779;272;213
CATALUNYA;CATALUNYA;2020-10-22;2020-10-28;--;;;0.0000;0.0000;694;0.0000;3997;48;9.7226;108;11;0
CATALUNYA;CATALUNYA;2020-10-21;2020-10-27;No;988.963;1.31597;751.5080;421.7265;32208;3313.3970;228917;24133;13.1053;1748;266;200
CATALUNYA;CATALUNYA;2020-10-21;2020-10-27;--;;;0.0000;0.0000;655;0.0000;3868;32;9.8288;107;12;0
CATALUNYA;CATALUNYA;2020-10-21;2020-10-27;Si;;;3038.4426;1952.9460;1236;17680.7976;10785;405;13.6177;119;7;63
CATALUNYA;CATALUNYA;2020-10-20;2020-10-26;No;991.01;1.36286;727.1535;420.5611;32119;3227.1086;227189;19271;13.3687;1643;251;187
CATALUNYA;CATALUNYA;2020-10-20;2020-10-26;--;;;0.0000;0.0000;636;0.0000;3731;24;9.8277;106;14;0
CATALUNYA;CATALUNYA;2020-10-20;2020-10-26;Si;;;2782.4740;2019.3082;1278;16568.4400;10152;334;14.4157;117;6;56
CATALUNYA;CATALUNYA;2020-10-19;2020-10-25;--;;;0.0000;0.0000;602;0.0000;3677;17;9.5433;102;19;0
CATALUNYA;CATALUNYA;2020-10-19;2020-10-25;Si;;;2539.1458;2000.3476;1266;16544.7392;10192;279;13.7670;105;6;53
CATALUNYA;CATALUNYA;2020-10-19;2020-10-25;No;942.912;1.41923;664.3816;410.6098;31359;3134.7839;226058;13351;13.1889;1605;237;167
CATALUNYA;CATALUNYA;2020-10-18;2020-10-24;Si;;;2535.9857;1954.5260;1237;15998.0407;9882;243;13.9411;95;6;50
CATALUNYA;CATALUNYA;2020-10-18;2020-10-24;No;969.888;1.48319;653.9196;406.9828;31082;3123.3661;226279;12258;12.9749;1555;227;166
CATALUNYA;CATALUNYA;2020-10-18;2020-10-24;--;;;0.0000;0.0000;604;0.0000;3756;16;9.3148;97;18;0
CATALUNYA;CATALUNYA;2020-10-17;2020-10-23;Si;;;2408.0013;1862.8829;1179;14534.9112;8994;205;14.3673;92;6;48
CATALUNYA;CATALUNYA;2020-10-17;2020-10-23;No;1045.88;1.6382;638.4296;399.7550;30530;3113.1136;226738;11016;12.7424;1498;216;162
CATALUNYA;CATALUNYA;2020-10-17;2020-10-23;--;;;0.0000;0.0000;596;0.0000;3823;15;9.1220;96;17;0
CATALUNYA;CATALUNYA;2020-10-16;2020-10-22;Si;;;2156.7728;1665.3762;1054;13406.7531;8352;133;13.3700;88;5;48
CATALUNYA;CATALUNYA;2020-10-16;2020-10-22;No;986.709;1.63357;604.0189;380.7165;29076;3013.9670;222940;7242;12.5576;1439;202;142
CATALUNYA;CATALUNYA;2020-10-16;2020-10-22;--;;;0.0000;0.0000;559;0.0000;3727;11;8.7015;90;17;0
CATALUNYA;CATALUNYA;2020-10-15;2020-10-21;No;915.295;1.62357;563.7554;355.4716;27148;2915.7370;218757;3923;12.0995;1370;189;132
CATALUNYA;CATALUNYA;2020-10-15;2020-10-21;--;;;0.0000;0.0000;510;0.0000;3525;5;8.6310;94;16;0
CATALUNYA;CATALUNYA;2020-10-15;2020-10-21;Si;;;1880.2635;1406.2475;890;12842.6740;8073;55;10.5978;83;4;44
CATALUNYA;CATALUNYA;2020-10-14;2020-10-20;No;819.584;1.58155;518.2150;329.7815;25186;2758.2704;209035;1619;11.6597;1294;180;118
CATALUNYA;CATALUNYA;2020-10-14;2020-10-20;--;;;0.0000;0.0000;467;0.0000;3357;2;8.2282;82;15;0
CATALUNYA;CATALUNYA;2020-10-14;2020-10-20;Si;;;1518.4313;1085.4966;687;11280.0012;7124;15;9.1876;83;2;44
CATALUNYA;CATALUNYA;2020-10-13;2020-10-19;--;;;0.0000;0.0000;429;0.0000;3043;0;8.2146;77;14;0
CATALUNYA;CATALUNYA;2020-10-13;2020-10-19;Si;;;1186.6201;763.1657;483;9707.8481;6138;6;7.8737;75;2;46
CATALUNYA;CATALUNYA;2020-10-13;2020-10-19;No;734.562;1.55027;473.8269;306.5923;23415;2583.6640;196803;516;11.0746;1267;168;108
CATALUNYA;CATALUNYA;2020-10-12;2020-10-18;--;;;0.0000;0.0000;341;0.0000;2581;0;8.1187;69;9;0
CATALUNYA;CATALUNYA;2020-10-12;2020-10-18;Si;;;1008.0740;538.7982;341;7772.2827;4919;0;6.9014;76;3;41
CATALUNYA;CATALUNYA;2020-10-12;2020-10-18;No;640.654;1.48631;431.0362;253.7717;19381;2225.9010;169758;238;11.1144;1127;147;99
CATALUNYA;CATALUNYA;2020-10-11;2020-10-17;Si;;;982.7932;581.4596;368;8058.2723;5100;0;7.2188;73;4;43
CATALUNYA;CATALUNYA;2020-10-11;2020-10-17;No;612.176;1.46644;417.4579;246.9367;18859;2189.1727;167083;108;11.0736;1082;151;96
CATALUNYA;CATALUNYA;2020-10-11;2020-10-17;--;;;0.0000;0.0000;327;0.0000;2474;0;8.3537;62;8;0
CATALUNYA;CATALUNYA;2020-10-10;2020-10-16;No;550.731;1.36826;402.5047;238.6745;18228;2106.6291;160887;0;11.0486;1025;152;84
CATALUNYA;CATALUNYA;2020-10-10;2020-10-16;--;;;0.0000;0.0000;304;0.0000;2372;0;7.9541;58;8;0
CATALUNYA;CATALUNYA;2020-10-10;2020-10-16;Si;;;938.5517;545.1184;345;8322.1412;5267;0;6.7381;67;4;45
CATALUNYA;CATALUNYA;2020-10-09;2020-10-15;No;525.233;1.4094;372.6638;223.3024;17054;1990.7093;152034;0;10.8323;967;139;81
CATALUNYA;CATALUNYA;2020-10-09;2020-10-15;--;;;0.0000;0.0000;298;0.0000;2225;0;8.1032;56;7;0
CATALUNYA;CATALUNYA;2020-10-09;2020-10-15;Si;;;1008.0740;491.3966;311;7615.8574;4820;0;6.4500;69;4;45
CATALUNYA;CATALUNYA;2020-10-08;2020-10-14;--;;;0.0000;0.0000;278;0.0000;2017;0;7.4701;40;6;0
CATALUNYA;CATALUNYA;2020-10-08;2020-10-14;Si;;;873.7695;474.0160;300;6659.9251;4215;0;8.2857;67;5;45
CATALUNYA;CATALUNYA;2020-10-08;2020-10-14;No;487.15;1.40575;346.5416;208.2837;15907;1855.4761;141706;0;10.5907;924;141;74
CATALUNYA;CATALUNYA;2020-10-07;2020-10-13;Si;;;837.4283;432.9346;274;6329.6939;4006;0;8.2521;68;4;48
CATALUNYA;CATALUNYA;2020-10-07;2020-10-13;No;453.54;1.43148;316.8317;188.4335;14391;1757.7961;134246;0;9.9971;854;130;68
CATALUNYA;CATALUNYA;2020-10-07;2020-10-13;--;;;0.0000;0.0000;243;0.0000;1887;0;6.6950;45;5;0
CATALUNYA;CATALUNYA;2020-10-06;2020-10-12;Si;;;908.5307;423.4543;268;5955.2212;3769;0;8.7057;68;4;52
CATALUNYA;CATALUNYA;2020-10-06;2020-10-12;No;418.447;1.45473;287.6455;167.2345;12772;1790.6616;136756;0;9.1520;784;121;67
CATALUNYA;CATALUNYA;2020-10-06;2020-10-12;--;;;0.0000;0.0000;235;0.0000;2101;0;6.1069;41;6;0
CATALUNYA;CATALUNYA;2020-10-05;2020-10-11;Si;;;957.5123;469.2758;297;6607.7833;4182;0;8.7544;70;3;53
CATALUNYA;CATALUNYA;2020-10-05;2020-10-11;No;430.841;1.48404;290.3166;177.2644;13538;1998.2645;152611;0;8.5860;776;123;61
CATALUNYA;CATALUNYA;2020-10-05;2020-10-11;--;;;0.0000;0.0000;261;0.0000;2160;0;6.3603;38;7;0
CATALUNYA;CATALUNYA;2020-10-04;2020-10-10;No;409.4;1.45487;281.3997;170.5211;13023;1975.6121;150881;0;8.3680;740;113;53
CATALUNYA;CATALUNYA;2020-10-04;2020-10-10;--;;;0.0000;0.0000;258;0.0000;2213;0;6.1169;40;9;0
CATALUNYA;CATALUNYA;2020-10-04;2020-10-10;Si;;;886.4099;401.3335;254;6328.1138;4005;0;7.9004;69;2;53
CATALUNYA;CATALUNYA;2020-10-03;2020-10-09;No;383.971;1.40605;273.0851;163.8301;12512;1961.0256;149767;0;8.1425;715;102;48
CATALUNYA;CATALUNYA;2020-10-03;2020-10-09;--;;;0.0000;0.0000;255;0.0000;2096;0;6.2649;44;9;0
CATALUNYA;CATALUNYA;2020-10-03;2020-10-09;Si;;;884.8299;393.4332;249;5939.4207;3759;0;8.1254;67;2;47
CATALUNYA;CATALUNYA;2020-10-02;2020-10-08;--;;;0.0000;0.0000;216;0.0000;1935;0;5.7113;47;8;0
CATALUNYA;CATALUNYA;2020-10-02;2020-10-08;Si;;;854.8088;516.6774;327;7309.3270;4626;0;8.5897;63;2;43
CATALUNYA;CATALUNYA;2020-10-02;2020-10-08;No;340.954;1.34939;252.6718;149.3614;11407;1932.4286;147583;0;7.4508;690;108;44
CATALUNYA;CATALUNYA;2020-10-01;2020-10-07;--;;;0.0000;0.0000;187;0.0000;1846;0;5.3892;49;10;0
CATALUNYA;CATALUNYA;2020-10-01;2020-10-07;Si;;;755.2655;399.7535;253;6906.4134;4371;0;7.0652;64;2;42
CATALUNYA;CATALUNYA;2020-10-01;2020-10-07;No;312.427;1.33898;233.3322;138.2578;10559;1888.8523;144255;0;7.0584;662;105;42
CATALUNYA;CATALUNYA;2020-09-30;2020-10-06;Si;;;699.9636;404.4936;256;6797.3897;4302;0;7.2292;59;2;41
CATALUNYA;CATALUNYA;2020-09-30;2020-10-06;No;294.34;1.32613;221.9537;128.3982;9806;1875.3788;143226;0;6.6810;651;106;51
CATALUNYA;CATALUNYA;2020-09-30;2020-10-06;--;;;0.0000;0.0000;185;0.0000;1809;0;5.7286;45;11;0
CATALUNYA;CATALUNYA;2020-09-29;2020-10-05;Si;;;676.2628;485.0763;307;6982.2560;4419;0;8.5942;57;2;39
CATALUNYA;CATALUNYA;2020-09-29;2020-10-05;No;277.693;1.31156;211.7274;120.4109;9196;1816.1946;138706;0;6.4352;626;107;54
CATALUNYA;CATALUNYA;2020-09-29;2020-10-05;--;;;0.0000;0.0000;160;0.0000;1438;0;6.0393;45;9;0
CATALUNYA;CATALUNYA;2020-09-28;2020-10-04;Si;;;666.7825;488.2365;309;7538.4347;4771;0;7.6793;46;1;36
CATALUNYA;CATALUNYA;2020-09-28;2020-10-04;No;262.965;1.28953;203.9235;113.0522;8634;1795.7420;137144;0;6.2040;620;100;55
CATALUNYA;CATALUNYA;2020-09-28;2020-10-04;--;;;0.0000;0.0000;140;0.0000;1425;0;5.1773;50;9;0
CATALUNYA;CATALUNYA;2020-09-27;2020-10-03;No;255.542;1.2613;202.6010;110.8786;8468;1789.0511;136633;0;6.1157;602;100;60
CATALUNYA;CATALUNYA;2020-09-27;2020-10-03;--;;;0.0000;0.0000;142;0.0000;1354;0;5.3731;49;6;0
CATALUNYA;CATALUNYA;2020-09-27;2020-10-03;Si;;;673.1027;485.0763;307;7400.9701;4684;0;7.7379;46;1;35
CATALUNYA;CATALUNYA;2020-09-26;2020-10-02;--;;;0.0000;0.0000;131;0.0000;1226;0;5.3719;45;6;0
CATALUNYA;CATALUNYA;2020-09-26;2020-10-02;Si;;;698.3836;491.3966;311;7502.0935;4748;0;7.6717;50;1;34
CATALUNYA;CATALUNYA;2020-09-26;2020-10-02;No;238.922;1.19167;200.4929;109.2550;8344;1780.1472;135953;0;6.0425;598;100;59
CATALUNYA;CATALUNYA;2020-09-25;2020-10-01;--;;;0.0000;0.0000;126;0.0000;1176;0;5.3402;39;6;0
CATALUNYA;CATALUNYA;2020-09-25;2020-10-01;Si;;;575.1394;338.1314;214;6317.0535;3998;0;6.1912;49;1;33
CATALUNYA;CATALUNYA;2020-09-25;2020-10-01;No;215.569;1.1016;195.6874;103.3104;7890;1733.2451;132371;0;5.8539;572;97;62
CATALUNYA;CATALUNYA;2020-09-24;2020-09-30;Si;;;586.1998;355.5120;225;6659.9251;4215;0;5.8543;44;0;34
CATALUNYA;CATALUNYA;2020-09-24;2020-09-30;No;197.637;1.0268;192.4794;95.0743;7261;1640.2526;125269;0;5.6405;539;86;64
CATALUNYA;CATALUNYA;2020-09-24;2020-09-30;--;;;0.0000;0.0000;115;0.0000;1095;0;5.1068;39;4;0
CATALUNYA;CATALUNYA;2020-09-23;2020-09-29;Si;;;590.9399;295.4699;187;6721.5471;4254;0;4.7958;49;0;32
CATALUNYA;CATALUNYA;2020-09-23;2020-09-29;No;189.875;0.989565;191.8771;93.5555;7145;1613.0174;123189;0;5.6360;511;83;57
CATALUNYA;CATALUNYA;2020-09-23;2020-09-29;--;;;0.0000;0.0000;96;0.0000;977;0;4.1667;37;2;0
CATALUNYA;CATALUNYA;2020-09-22;2020-09-28;Si;;;478.7561;191.1864;121;6569.8620;4158;0;2.7324;53;1;26
CATALUNYA;CATALUNYA;2020-09-22;2020-09-28;No;184.571;0.962056;191.8509;91.3164;6974;1577.3236;120463;0;5.6817;498;89;48
CATALUNYA;CATALUNYA;2020-09-22;2020-09-28;--;;;0.0000;0.0000;88;0.0000;982;0;4.2443;36;5;0
CATALUNYA;CATALUNYA;2020-09-21;2020-09-27;No;181.987;0.95939;189.6905;90.8712;6940;1553.9642;118679;0;5.7792;484;81;51
CATALUNYA;CATALUNYA;2020-09-21;2020-09-27;--;;;0.0000;0.0000;86;0.0000;949;0;4.0642;30;4;0
CATALUNYA;CATALUNYA;2020-09-21;2020-09-27;Si;;;497.7168;178.5460;113;6081.6255;3849;0;2.8855;55;2;27
CATALUNYA;CATALUNYA;2020-09-20;2020-09-26;No;183.177;0.965397;189.7428;91.7223;7005;1563.1299;119379;0;5.8029;499;85;45
CATALUNYA;CATALUNYA;2020-09-20;2020-09-26;--;;;0.0000;0.0000;80;0.0000;956;0;3.9278;31;6;0
CATALUNYA;CATALUNYA;2020-09-20;2020-09-26;Si;;;571.9793;188.0263;119;6073.7252;3844;0;3.1977;56;2;22
CATALUNYA;CATALUNYA;2020-09-19;2020-09-25;--;;;0.0000;0.0000;83;0.0000;963;0;4.1009;35;6;0
CATALUNYA;CATALUNYA;2020-09-19;2020-09-25;Si;;;650.9820;206.9869;131;6138.5074;3885;0;3.3074;50;2;26
CATALUNYA;CATALUNYA;2020-09-19;2020-09-25;No;190.146;0.99909;190.3190;91.2379;6968;1574.3251;120234;0;5.7561;488;83;48
CATALUNYA;CATALUNYA;2020-09-18;2020-09-24;--;;;0.0000;0.0000;81;0.0000;892;0;3.9773;38;5;0
CATALUNYA;CATALUNYA;2020-09-18;2020-09-24;Si;;;635.1814;237.0080;150;6260.1715;3962;0;3.9989;44;3;23
CATALUNYA;CATALUNYA;2020-09-18;2020-09-24;No;208.954;1.15247;181.3104;92.3770;7055;1552.5762;118573;0;5.9747;498;78;46
CATALUNYA;CATALUNYA;2020-09-17;2020-09-23;Si;;;625.7011;230.6877;146;6147.9878;3891;0;4.2683;41;4;17
CATALUNYA;CATALUNYA;2020-09-17;2020-09-23;No;230.089;1.23583;186.1813;97.4051;7439;1592.3946;121614;0;6.1439;510;81;49
CATALUNYA;CATALUNYA;2020-09-17;2020-09-23;--;;;0.0000;0.0000;83;0.0000;869;0;4.5402;34;5;0
CATALUNYA;CATALUNYA;2020-09-16;2020-09-22;Si;;;630.4413;295.4699;187;6111.6465;3868;0;5.5458;39;5;15
CATALUNYA;CATALUNYA;2020-09-16;2020-09-22;No;238.156;1.28932;184.7148;98.3216;7509;1511.4616;115433;0;6.5617;514;80;56
CATALUNYA;CATALUNYA;2020-09-16;2020-09-22;--;;;0.0000;0.0000;86;0.0000;790;0;5.3708;34;5;0
CATALUNYA;CATALUNYA;2020-09-15;2020-09-21;No;239.364;1.3026;183.7589;100.5345;7678;1453.8225;111031;0;7.0104;527;69;61
CATALUNYA;CATALUNYA;2020-09-15;2020-09-21;--;;;0.0000;0.0000;81;0.0000;722;0;4.7955;33;3;0
CATALUNYA;CATALUNYA;2020-09-15;2020-09-21;Si;;;627.2812;287.5697;182;5824.0768;3686;0;6.3093;36;4;16
CATALUNYA;CATALUNYA;2020-09-14;2020-09-20;No;237.388;1.31043;181.1533;98.8192;7547;1393.5122;106425;0;7.1379;538;74;60
CATALUNYA;CATALUNYA;2020-09-14;2020-09-20;--;;;0.0000;0.0000;76;0.0000;657;0;5.5988;40;3;0
CATALUNYA;CATALUNYA;2020-09-14;2020-09-20;Si;;;611.4806;319.1707;202;6354.9747;4022;0;6.0125;35;3;19
CATALUNYA;CATALUNYA;2020-09-13;2020-09-19;--;;;0.0000;0.0000;79;0.0000;651;0;5.6604;38;3;0
CATALUNYA;CATALUNYA;2020-09-13;2020-09-19;Si;;;609.9006;383.9529;243;6403.9564;4053;0;7.0022;29;3;19
CATALUNYA;CATALUNYA;2020-09-13;2020-09-19;No;230.974;1.28477;179.7784;98.0205;7486;1364.4177;104203;0;7.2088;532;69;61
CATALUNYA;CATALUNYA;2020-09-12;2020-09-18;--;;;0.0000;0.0000;83;0.0000;645;0;6.2003;32;5;0
CATALUNYA;CATALUNYA;2020-09-12;2020-09-18;Si;;;592.5200;443.9950;281;6367.6152;4030;0;7.9141;32;3;15
CATALUNYA;CATALUNYA;2020-09-12;2020-09-18;No;225.634;1.25333;180.0272;99.0811;7567;1329.4703;101534;0;7.4869;533;68;58
CATALUNYA;CATALUNYA;2020-09-11;2020-09-17;Si;;;559.3389;398.1734;252;5454.3443;3452;0;8.1108;32;2;16
CATALUNYA;CATALUNYA;2020-09-11;2020-09-17;No;194.477;1.08034;180.0141;88.9333;6792;1142.1104;87225;0;7.6941;497;68;57
CATALUNYA;CATALUNYA;2020-09-11;2020-09-17;--;;;0.0000;0.0000;75;0.0000;595;0;6.5292;29;5;0
CATALUNYA;CATALUNYA;2020-09-10;2020-09-16;Si;;;570.3992;395.0133;250;5784.5755;3661;0;7.4737;35;1;18
CATALUNYA;CATALUNYA;2020-09-10;2020-09-16;No;180.598;1.00867;179.0452;88.7762;6780;1138.1561;86923;0;7.9688;499;73;56
CATALUNYA;CATALUNYA;2020-09-10;2020-09-16;--;;;0.0000;0.0000;73;0.0000;535;0;6.7179;33;5;0
CATALUNYA;CATALUNYA;2020-09-09;2020-09-15;Si;;;573.5593;334.9713;212;6084.7856;3851;0;5.9444;28;0;18
CATALUNYA;CATALUNYA;2020-09-09;2020-09-15;No;167.755;0.950988;176.4002;86.3931;6598;1107.9224;84614;0;7.9558;490;73;55
CATALUNYA;CATALUNYA;2020-09-09;2020-09-15;--;;;0.0000;0.0000;78;0.0000;596;0;6.5744;34;5;0
CATALUNYA;CATALUNYA;2020-09-08;2020-09-14;No;162.743;0.939026;173.3101;83.2244;6356;1088.0591;83097;0;7.7844;482;71;53
CATALUNYA;CATALUNYA;2020-09-08;2020-09-14;--;;;0.0000;0.0000;88;0.0000;644;0;6.8146;38;6;0
CATALUNYA;CATALUNYA;2020-09-08;2020-09-14;Si;;;589.3599;339.7114;215;6539.8410;4139;0;5.3110;27;0;19
CATALUNYA;CATALUNYA;2020-09-07;2020-09-13;No;160.837;0.931974;172.5768;82.3340;6288;1082.2061;82650;0;7.7924;487;75;53
CATALUNYA;CATALUNYA;2020-09-07;2020-09-13;--;;;0.0000;0.0000;97;0.0000;692;0;6.3328;32;6;0
CATALUNYA;CATALUNYA;2020-09-07;2020-09-13;Si;;;540.3782;292.3098;185;6024.7436;3813;0;5.3333;31;0;12
CATALUNYA;CATALUNYA;2020-09-06;2020-09-12;--;;;0.0000;0.0000;98;0.0000;686;0;6.3798;34;5;0
CATALUNYA;CATALUNYA;2020-09-06;2020-09-12;Si;;;466.1157;225.9476;143;5972.6018;3780;0;4.1247;39;0;18
CATALUNYA;CATALUNYA;2020-09-06;2020-09-12;No;166.828;0.961148;173.5719;81.7579;6244;1078.5267;82369;0;7.8467;484;77;49
CATALUNYA;CATALUNYA;2020-09-05;2020-09-11;Si;;;380.7928;148.5250;94;5835.1372;3693;0;3.3312;40;1;18
CATALUNYA;CATALUNYA;2020-09-05;2020-09-11;No;171.447;0.990674;173.0613;80.9461;6182;1086.9592;83013;0;7.7336;489;82;54
CATALUNYA;CATALUNYA;2020-09-05;2020-09-11;--;;;0.0000;0.0000;95;0.0000;675;0;6.1840;38;3;0
CATALUNYA;CATALUNYA;2020-09-04;2020-09-10;Si;;;410.8138;161.1654;102;7367.7890;4663;0;2.8508;41;1;18
CATALUNYA;CATALUNYA;2020-09-04;2020-09-10;No;187.343;1.02652;182.5019;91.0807;6956;1249.7287;95444;0;7.6637;503;80;58
CATALUNYA;CATALUNYA;2020-09-04;2020-09-10;--;;;0.0000;0.0000;110;0.0000;799;0;6.3776;40;4;0
CATALUNYA;CATALUNYA;2020-09-03;2020-09-09;Si;;;426.6144;175.3859;111;7818.1042;4948;0;3.1665;43;1;24
CATALUNYA;CATALUNYA;2020-09-03;2020-09-09;No;186.287;1.0225;182.1877;90.2689;6894;1241.8986;94846;0;7.4634;476;73;52
CATALUNYA;CATALUNYA;2020-09-03;2020-09-09;--;;;0.0000;0.0000;110;0.0000;874;0;5.9371;37;4;0
CATALUNYA;CATALUNYA;2020-09-02;2020-09-08;No;187.666;1.01432;185.0160;90.0070;6874;1269.9718;96990;0;7.2266;476;75;47
CATALUNYA;CATALUNYA;2020-09-02;2020-09-08;--;;;0.0000;0.0000;106;0.0000;904;0;5.2928;33;4;0
CATALUNYA;CATALUNYA;2020-09-02;2020-09-08;Si;;;491.3966;238.5880;151;7549.4951;4778;0;3.6876;45;1;25
CATALUNYA;CATALUNYA;2020-09-01;2020-09-07;No;188.191;1.00718;186.8491;90.0856;6880;1288.0020;98367;0;7.1846;466;81;50
CATALUNYA;CATALUNYA;2020-09-01;2020-09-07;--;;;0.0000;0.0000;105;0.0000;953;0;5.6624;33;2;0
CATALUNYA;CATALUNYA;2020-09-01;2020-09-07;Si;;;529.3178;249.6484;158;7581.0962;4798;0;3.7583;46;1;28
CATALUNYA;CATALUNYA;2020-08-31;2020-09-06;--;;;0.0000;0.0000;96;0.0000;825;0;6.1805;32;2;0
CATALUNYA;CATALUNYA;2020-08-31;2020-09-06;Si;;;519.8375;248.0683;157;7707.5005;4878;0;3.5482;45;1;27
CATALUNYA;CATALUNYA;2020-08-31;2020-09-06;No;189.412;1.00074;189.2715;90.2427;6892;1293.5407;98790;0;7.2914;458;79;50
CATALUNYA;CATALUNYA;2020-08-30;2020-09-05;--;;;0.0000;0.0000;97;0.0000;824;0;6.1881;27;2;0
CATALUNYA;CATALUNYA;2020-08-30;2020-09-05;Si;;;522.9976;240.1681;152;7705.9204;4877;0;3.4170;41;1;26
CATALUNYA;CATALUNYA;2020-08-30;2020-09-05;No;189.475;0.995771;190.2797;91.8140;7012;1302.4969;99474;0;7.2989;450;77;52
CATALUNYA;CATALUNYA;2020-08-29;2020-09-04;Si;;;537.2181;232.2678;147;7729.6212;4892;0;3.1750;37;0;28
CATALUNYA;CATALUNYA;2020-08-29;2020-09-04;No;188.0;0.986933;190.4892;92.1151;7035;1294.6013;98871;0;7.3108;447;76;46
CATALUNYA;CATALUNYA;2020-08-29;2020-09-04;--;;;0.0000;0.0000;94;0.0000;821;0;6.3354;25;2;0
CATALUNYA;CATALUNYA;2020-08-28;2020-09-03;Si;;;560.9189;249.6484;158;7407.2903;4688;0;3.5774;38;0;29
CATALUNYA;CATALUNYA;2020-08-28;2020-09-03;No;190.348;0.996858;190.9475;91.4212;6982;1296.0940;98985;0;7.1976;433;77;44
CATALUNYA;CATALUNYA;2020-08-28;2020-09-03;--;;;0.0000;0.0000;97;0.0000;848;0;5.7901;21;1;0
CATALUNYA;CATALUNYA;2020-08-27;2020-09-02;Si;;;562.4990;251.2284;159;7009.1169;4436;0;3.6066;34;0;24
CATALUNYA;CATALUNYA;2020-08-27;2020-09-02;No;193.658;1.01073;191.6022;91.9187;7020;1296.2643;98998;0;7.2874;465;79;47
CATALUNYA;CATALUNYA;2020-08-27;2020-09-02;--;;;0.0000;0.0000;105;0.0000;864;0;5.7851;24;1;0
CATALUNYA;CATALUNYA;2020-08-26;2020-09-01;No;199.599;1.02977;193.8281;95.0089;7256;1331.4867;101688;0;7.4103;458;69;46
CATALUNYA;CATALUNYA;2020-08-26;2020-09-01;--;;;0.0000;0.0000;106;0.0000;835;0;6.2044;28;1;0
CATALUNYA;CATALUNYA;2020-08-26;2020-09-01;Si;;;480.3362;252.8085;160;7359.8887;4658;0;3.9457;38;0;26
CATALUNYA;CATALUNYA;2020-08-25;2020-08-31;--;;;0.0000;0.0000;112;0.0000;811;0;6.5081;26;1;0
CATALUNYA;CATALUNYA;2020-08-25;2020-08-31;Si;;;480.3362;279.6694;177;7478.3927;4733;0;4.3235;37;0;24
CATALUNYA;CATALUNYA;2020-08-25;2020-08-31;No;203.157;1.04355;194.6792;96.7635;7390;1328.9596;101495;0;7.4299;463;60;40
CATALUNYA;CATALUNYA;2020-08-24;2020-08-30;--;;;0.0000;0.0000;120;0.0000;933;0;6.4061;28;3;0
CATALUNYA;CATALUNYA;2020-08-24;2020-08-30;Si;;;459.7955;271.7691;172;7592.1566;4805;0;4.1301;36;0;31
CATALUNYA;CATALUNYA;2020-08-24;2020-08-30;No;204.836;1.05665;193.8543;99.0287;7563;1349.2812;103047;0;7.3325;464;62;40
CATALUNYA;CATALUNYA;2020-08-23;2020-08-29;Si;;;466.1157;282.8295;179;7625.3377;4826;0;4.6440;35;1;30
CATALUNYA;CATALUNYA;2020-08-23;2020-08-29;No;206.618;1.0704;193.0294;98.4657;7520;1352.6464;103304;0;7.2929;460;60;42
CATALUNYA;CATALUNYA;2020-08-23;2020-08-29;--;;;0.0000;0.0000;120;0.0000;936;0;6.3853;31;3;0
CATALUNYA;CATALUNYA;2020-08-22;2020-08-28;Si;;;470.8559;304.9503;193;7844.9651;4965;0;4.5319;35;1;32
CATALUNYA;CATALUNYA;2020-08-22;2020-08-28;No;211.846;1.10159;192.3092;98.3740;7513;1369.1446;104564;0;7.1850;458;58;43
CATALUNYA;CATALUNYA;2020-08-22;2020-08-28;--;;;0.0000;0.0000;123;0.0000;925;0;6.2432;33;3;0
CATALUNYA;CATALUNYA;2020-08-21;2020-08-27;Si;;;447.1551;311.2705;197;7859.1856;4974;0;4.3458;34;1;32
CATALUNYA;CATALUNYA;2020-08-21;2020-08-27;No;216.311;1.1319;191.1046;99.5263;7601;1349.1896;103040;0;7.4152;477;67;36
CATALUNYA;CATALUNYA;2020-08-21;2020-08-27;--;;;0.0000;0.0000;125;0.0000;852;0;6.5398;35;5;0
CATALUNYA;CATALUNYA;2020-08-20;2020-08-26;No;217.633;1.14937;189.3500;99.6834;7613;1296.0548;98982;0;7.7445;454;66;34
CATALUNYA;CATALUNYA;2020-08-20;2020-08-26;--;;;0.0000;0.0000;122;0.0000;835;0;6.6829;32;6;1
CATALUNYA;CATALUNYA;2020-08-20;2020-08-26;Si;;;437.6747;311.2705;197;7367.7890;4663;0;4.5779;32;1;34
CATALUNYA;CATALUNYA;2020-08-19;2020-08-25;No;214.889;1.15884;185.4350;98.8192;7547;1229.0274;93863;0;7.9732;482;74;38
CATALUNYA;CATALUNYA;2020-08-19;2020-08-25;--;;;0.0000;0.0000;116;0.0000;827;0;6.3804;29;6;1
CATALUNYA;CATALUNYA;2020-08-19;2020-08-25;Si;;;391.8532;227.5276;144;6890.6129;4361;0;3.6653;28;2;32
CATALUNYA;CATALUNYA;2020-08-18;2020-08-24;--;;;0.0000;0.0000;103;0.0000;818;0;5.2174;28;7;2
CATALUNYA;CATALUNYA;2020-08-18;2020-08-24;Si;;;415.5540;200.6667;127;6781.5892;4292;0;3.2178;30;3;31
CATALUNYA;CATALUNYA;2020-08-18;2020-08-24;No;212.604;1.16453;182.5674;97.9157;7478;1188.6852;90782;0;8.1996;499;80;41
CATALUNYA;CATALUNYA;2020-08-17;2020-08-23;--;;;0.0000;0.0000;96;0.0000;784;0;4.5455;25;5;2
CATALUNYA;CATALUNYA;2020-08-17;2020-08-23;Si;;;431.3545;188.0263;119;6399.2162;4050;0;3.2439;33;3;27
CATALUNYA;CATALUNYA;2020-08-17;2020-08-23;No;207.946;1.1644;178.5869;94.8256;7242;1130.2867;86322;0;8.4766;498;80;39
CATALUNYA;CATALUNYA;2020-08-16;2020-08-22;Si;;;423.4543;183.2861;116;6429.2373;4069;0;2.6765;33;3;24
CATALUNYA;CATALUNYA;2020-08-16;2020-08-22;No;206.539;1.16317;177.5656;94.5637;7222;1126.2931;86017;0;8.4685;510;79;36
CATALUNYA;CATALUNYA;2020-08-16;2020-08-22;--;;;0.0000;0.0000;93;0.0000;786;0;4.5337;25;4;2
CATALUNYA;CATALUNYA;2020-08-15;2020-08-21;Si;;;407.6537;165.9056;105;6178.0088;3910;0;2.8414;34;3;22
CATALUNYA;CATALUNYA;2020-08-15;2020-08-21;No;203.404;1.14882;177.0549;93.9352;7174;1104.4787;84351;0;8.6820;522;78;37
CATALUNYA;CATALUNYA;2020-08-15;2020-08-21;--;;;0.0000;0.0000;87;0.0000;777;0;4.1885;23;4;2
CATALUNYA;CATALUNYA;2020-08-14;2020-08-20;No;195.362;1.12444;173.7422;91.5783;6994;1067.0696;81494;0;8.7639;510;65;43
CATALUNYA;CATALUNYA;2020-08-14;2020-08-20;--;;;0.0000;0.0000;82;0.0000;847;0;4.1966;25;2;2
CATALUNYA;CATALUNYA;2020-08-14;2020-08-20;Si;;;464.5357;135.8845;86;5643.9507;3572;0;3.0795;35;3;26
CATALUNYA;CATALUNYA;2020-08-13;2020-08-19;No;188.724;1.11024;169.9842;89.6666;6848;1065.6162;81383;0;8.4800;506;65;43
CATALUNYA;CATALUNYA;2020-08-13;2020-08-19;--;;;0.0000;0.0000;86;0.0000;853;0;4.4048;26;3;1
CATALUNYA;CATALUNYA;2020-08-13;2020-08-19;Si;;;492.9766;126.4042;80;6026.3236;3814;0;2.6199;41;4;23
CATALUNYA;CATALUNYA;2020-08-12;2020-08-18;--;;;0.0000;0.0000;84;0.0000;827;0;4.4390;24;3;1
CATALUNYA;CATALUNYA;2020-08-12;2020-08-18;Si;;;505.6170;164.3255;104;6353.3947;4021;0;3.3055;45;3;24
CATALUNYA;CATALUNYA;2020-08-12;2020-08-18;No;183.499;1.10192;166.5275;86.6157;6615;1055.6780;80624;0;8.3630;480;60;38
CATALUNYA;CATALUNYA;2020-08-11;2020-08-17;--;;;0.0000;0.0000;86;0.0000;788;0;5.4194;23;2;0
CATALUNYA;CATALUNYA;2020-08-11;2020-08-17;Si;;;527.7378;214.8872;136;6168.5284;3904;0;4.2982;48;2;27
CATALUNYA;CATALUNYA;2020-08-11;2020-08-17;No;180.171;1.0972;164.2098;84.6516;6465;1039.2583;79370;0;8.2501;467;57;37
CATALUNYA;CATALUNYA;2020-08-10;2020-08-16;Si;;;540.3782;243.3282;154;6127.4471;3878;0;4.6737;47;3;25
CATALUNYA;CATALUNYA;2020-08-10;2020-08-16;No;178.102;1.09525;162.6124;83.7613;6397;1047.7693;80020;0;8.1116;455;55;43
CATALUNYA;CATALUNYA;2020-08-10;2020-08-16;--;;;0.0000;0.0000;90;0.0000;834;0;6.4555;21;2;0
CATALUNYA;CATALUNYA;2020-08-09;2020-08-15;Si;;;538.7982;240.1681;152;6010.5231;3804;0;4.7368;48;3;29
CATALUNYA;CATALUNYA;2020-08-09;2020-08-15;No;176.417;1.09423;161.2244;83.0018;6339;1044.2863;79754;0;8.1063;459;59;41
CATALUNYA;CATALUNYA;2020-08-09;2020-08-15;--;;;0.0000;0.0000;89;0.0000;832;0;6.4713;19;3;0
CATALUNYA;CATALUNYA;2020-08-08;2020-08-14;Si;;;540.3782;241.7481;153;6264.9117;3965;0;4.7028;47;4;29
CATALUNYA;CATALUNYA;2020-08-08;2020-08-14;No;175.849;1.0948;160.6221;83.1197;6348;1076.1306;82186;0;7.8259;459;59;37
CATALUNYA;CATALUNYA;2020-08-08;2020-08-14;--;;;0.0000;0.0000;90;0.0000;833;0;6.7155;19;3;0
CATALUNYA;CATALUNYA;2020-08-07;2020-08-13;No;173.644;1.08319;160.3079;82.1638;6275;1075.2533;82119;0;7.7056;458;63;35
CATALUNYA;CATALUNYA;2020-08-07;2020-08-13;--;;;0.0000;0.0000;89;0.0000;737;0;7.1923;15;3;0
CATALUNYA;CATALUNYA;2020-08-07;2020-08-13;Si;;;554.5987;328.6511;208;6343.9144;4015;0;5.8685;49;4;24
CATALUNYA;CATALUNYA;2020-08-06;2020-08-12;No;170.313;1.06616;159.7448;80.3176;6134;1070.1991;81733;0;7.6705;471;74;37
CATALUNYA;CATALUNYA;2020-08-06;2020-08-12;--;;;0.0000;0.0000;93;0.0000;771;0;7.1429;16;2;0
CATALUNYA;CATALUNYA;2020-08-06;2020-08-12;Si;;;581.4596;366.5723;232;6271.2319;3969;0;6.6035;45;3;24
CATALUNYA;CATALUNYA;2020-08-05;2020-08-11;--;;;0.0000;0.0000;92;0.0000;836;0;6.3260;19;3;0
CATALUNYA;CATALUNYA;2020-08-05;2020-08-11;Si;;;620.9609;341.2915;216;6253.8513;3958;0;6.0335;44;4;24
CATALUNYA;CATALUNYA;2020-08-05;2020-08-11;No;168.505;1.05079;160.3603;79.9117;6103;1057.0790;80731;0;7.7543;475;84;35
CATALUNYA;CATALUNYA;2020-08-04;2020-08-10;Si;;;625.7011;312.8505;198;6268.0718;3967;0;5.6842;38;4;24
CATALUNYA;CATALUNYA;2020-08-04;2020-08-10;No;166.963;1.0345;161.3947;79.5581;6076;1056.4243;80681;0;7.8156;460;86;36
CATALUNYA;CATALUNYA;2020-08-04;2020-08-10;--;;;0.0000;0.0000;96;0.0000;914;0;5.8954;24;6;0
CATALUNYA;CATALUNYA;2020-08-03;2020-08-09;Si;;;606.7405;297.0500;188;6369.1952;4031;0;5.4916;40;3;27
CATALUNYA;CATALUNYA;2020-08-03;2020-08-09;No;165.46;1.01956;162.2850;78.8511;6022;1028.5868;78555;0;7.8720;469;84;28
CATALUNYA;CATALUNYA;2020-08-03;2020-08-09;--;;;0.0000;0.0000;100;0.0000;910;0;5.1397;27;26;0
CATALUNYA;CATALUNYA;2020-08-02;2020-08-08;Si;;;609.9006;298.6300;189;6582.5024;4166;0;5.3714;41;2;26
CATALUNYA;CATALUNYA;2020-08-02;2020-08-08;No;162.907;1.00602;161.9315;78.2226;5974;1022.9565;78125;0;7.8779;460;83;28
CATALUNYA;CATALUNYA;2020-08-02;2020-08-08;--;;;0.0000;0.0000;103;0.0000;909;0;5.2573;40;26;0
CATALUNYA;CATALUNYA;2020-08-01;2020-08-07;No;160.997;0.997861;161.3423;77.5024;5919;994.3202;75938;0;8.1274;455;83;33
CATALUNYA;CATALUNYA;2020-08-01;2020-08-07;--;;;0.0000;0.0000;104;0.0000;928;0;5.2516;48;28;0
CATALUNYA;CATALUNYA;2020-08-01;2020-08-07;Si;;;617.8008;298.6300;189;6765.7886;4282;0;5.1839;46;1;27
CATALUNYA;CATALUNYA;2020-07-31;2020-08-06;No;164.253;1.01953;161.1066;78.1440;5968;987.8126;75441;0;8.3105;464;92;35
CATALUNYA;CATALUNYA;2020-07-31;2020-08-06;--;;;0.0000;0.0000;99;0.0000;947;0;5.1282;64;29;0
CATALUNYA;CATALUNYA;2020-07-31;2020-08-06;Si;;;551.4386;225.9476;143;6952.2349;4400;0;3.8378;47;1;28
CATALUNYA;CATALUNYA;2020-07-30;2020-08-05;--;;;0.0000;0.0000;90;0.0000;953;0;5.0847;71;29;0
CATALUNYA;CATALUNYA;2020-07-30;2020-08-05;Si;;;511.9373;214.8872;136;6825.8307;4320;0;4.1073;51;1;29
CATALUNYA;CATALUNYA;2020-07-30;2020-08-05;No;168.815;1.03489;163.1231;79.4272;6066;980.7026;74898;0;8.4638;456;87;39
CATALUNYA;CATALUNYA;2020-07-29;2020-08-04;--;;;0.0000;0.0000;102;0.0000;956;0;5.5907;73;29;0
CATALUNYA;CATALUNYA;2020-07-29;2020-08-04;Si;;;516.6774;279.6694;177;6805.2900;4307;0;5.2100;57;0;28
CATALUNYA;CATALUNYA;2020-07-29;2020-08-04;No;172.199;1.04849;164.2360;80.4485;6144;1010.2031;77151;0;8.3674;459;77;42
CATALUNYA;CATALUNYA;2020-07-28;2020-08-03;Si;;;485.0763;312.8505;198;6719.9671;4253;0;5.5480;60;0;27
CATALUNYA;CATALUNYA;2020-07-28;2020-08-03;No;175.419;1.0558;166.1477;81.8365;6250;999.1257;76305;0;8.5334;471;82;41
CATALUNYA;CATALUNYA;2020-07-28;2020-08-03;--;;;0.0000;0.0000;104;0.0000;908;0;6.0134;72;26;0
CATALUNYA;CATALUNYA;2020-07-27;2020-08-02;Si;;;502.4569;309.6904;196;6456.0982;4086;0;5.5381;60;0;27
CATALUNYA;CATALUNYA;2020-07-27;2020-08-02;No;177.644;1.06191;167.2869;83.4339;6372;997.2663;76163;0;8.5297;472;94;45
CATALUNYA;CATALUNYA;2020-07-27;2020-08-02;--;;;0.0000;0.0000;95;0.0000;896;0;6.3205;83;6;0
CATALUNYA;CATALUNYA;2020-07-26;2020-08-01;Si;;;516.6774;311.2705;197;6468.7386;4094;0;5.5810;56;0;28
CATALUNYA;CATALUNYA;2020-07-26;2020-08-01;No;177.645;1.05951;167.6666;83.7089;6393;1008.5532;77025;0;8.5732;518;101;47
CATALUNYA;CATALUNYA;2020-07-26;2020-08-01;--;;;0.0000;0.0000;95;0.0000;909;0;6.5702;82;5;0
CATALUNYA;CATALUNYA;2020-07-25;2020-07-31;No;178.077;1.05419;168.9236;83.8398;6403;1007.2308;76924;0;8.5097;518;106;49
CATALUNYA;CATALUNYA;2020-07-25;2020-07-31;--;;;0.0000;0.0000;98;0.0000;920;0;6.3806;76;4;0
CATALUNYA;CATALUNYA;2020-07-25;2020-07-31;Si;;;565.6591;319.1707;202;6358.1349;4024;0;5.6664;60;0;28
CATALUNYA;CATALUNYA;2020-07-24;2020-07-30;--;;;0.0000;0.0000;108;0.0000;902;0;7.3991;74;3;0
CATALUNYA;CATALUNYA;2020-07-24;2020-07-30;Si;;;565.6591;325.4910;206;6242.7910;3951;0;6.0164;70;0;27
CATALUNYA;CATALUNYA;2020-07-24;2020-07-30;No;175.786;1.05361;166.8417;82.9625;6336;1007.7021;76960;0;8.3119;557;107;46
CATALUNYA;CATALUNYA;2020-07-23;2020-07-29;--;;;0.0000;0.0000;123;0.0000;902;0;7.6319;76;2;0
CATALUNYA;CATALUNYA;2020-07-23;2020-07-29;Si;;;545.1184;297.0500;188;6307.5731;3992;0;5.0444;78;0;25
CATALUNYA;CATALUNYA;2020-07-23;2020-07-29;No;177.298;1.07243;165.3228;83.6958;6392;1016.2262;77611;0;8.2095;586;119;38
CATALUNYA;CATALUNYA;2020-07-22;2020-07-28;Si;;;545.1184;237.0080;150;6422.9170;4065;0;3.8317;67;0;24
CATALUNYA;CATALUNYA;2020-07-22;2020-07-28;No;178.625;1.09971;162.4291;83.7875;6399;984.1070;75158;0;8.4137;608;148;37
CATALUNYA;CATALUNYA;2020-07-22;2020-07-28;--;;;0.0000;0.0000;118;0.0000;873;0;7.6477;76;1;0
CATALUNYA;CATALUNYA;2020-07-21;2020-07-27;Si;;;478.7561;172.2258;109;6307.5731;3992;0;2.8943;66;0;21
CATALUNYA;CATALUNYA;2020-07-21;2020-07-27;No;178.99;1.13792;157.2963;84.3112;6439;971.2227;74174;0;8.5646;635;166;39
CATALUNYA;CATALUNYA;2020-07-21;2020-07-27;--;;;0.0000;0.0000;112;0.0000;837;0;7.8597;78;1;0
CATALUNYA;CATALUNYA;2020-07-20;2020-07-26;Si;;;475.5960;192.7665;122;6484.5391;4104;0;3.3295;61;2;19
CATALUNYA;CATALUNYA;2020-07-20;2020-07-26;No;178.57;1.18096;151.2077;83.8529;6404;957.3694;73116;0;8.6704;654;156;39
CATALUNYA;CATALUNYA;2020-07-20;2020-07-26;--;;;0.0000;0.0000;127;0.0000;824;0;7.9657;67;2;0
CATALUNYA;CATALUNYA;2020-07-19;2020-07-25;No;185.331;1.23876;149.6102;83.9577;6412;940.5962;71835;0;8.7291;617;153;39
CATALUNYA;CATALUNYA;2020-07-19;2020-07-25;--;;;0.0000;0.0000;129;0.0000;813;0;7.6923;58;2;0
CATALUNYA;CATALUNYA;2020-07-19;2020-07-25;Si;;;475.5960;205.4069;130;6595.1429;4174;0;3.4666;73;2;13
CATALUNYA;CATALUNYA;2020-07-18;2020-07-24;No;197.048;1.33947;147.1093;85.0837;6498;930.0687;71031;0;8.9793;605;143;32
CATALUNYA;CATALUNYA;2020-07-18;2020-07-24;--;;;0.0000;0.0000;134;0.0000;794;0;7.8780;60;3;0
CATALUNYA;CATALUNYA;2020-07-18;2020-07-24;Si;;;466.1157;246.4883;156;6593.5628;4173;0;4.6395;66;2;11
CATALUNYA;CATALUNYA;2020-07-17;2020-07-23;--;;;0.0000;0.0000;125;0.0000;827;0;6.3647;50;8;0
CATALUNYA;CATALUNYA;2020-07-17;2020-07-23;Si;;;445.5750;240.1681;152;6456.0982;4086;0;4.7143;53;2;9
CATALUNYA;CATALUNYA;2020-07-17;2020-07-23;No;205.835;1.46327;140.6671;83.8791;6406;887.0424;67745;0;9.3180;551;139;31
CATALUNYA;CATALUNYA;2020-07-16;2020-07-22;--;;;0.0000;0.0000;130;0.0000;812;0;6.8664;46;8;0
CATALUNYA;CATALUNYA;2020-07-16;2020-07-22;Si;;;442.4149;248.0683;157;6176.4287;3909;0;4.8091;44;2;8
CATALUNYA;CATALUNYA;2020-07-16;2020-07-22;No;204.034;1.53885;132.5882;81.6270;6234;841.2532;64248;0;9.5053;520;124;29
CATALUNYA;CATALUNYA;2020-07-15;2020-07-21;Si;;;448.7351;308.1104;195;5865.1582;3712;0;6.3385;47;2;9
CATALUNYA;CATALUNYA;2020-07-15;2020-07-21;No;196.686;1.58085;124.4177;78.6416;6006;796.8127;60854;0;9.4633;468;99;25
CATALUNYA;CATALUNYA;2020-07-15;2020-07-21;--;;;0.0000;0.0000;122;0.0000;764;0;7.1809;44;11;0
CATALUNYA;CATALUNYA;2020-07-14;2020-07-20;Si;;;475.5960;306.5303;194;5825.6569;3687;0;6.3751;47;2;9
CATALUNYA;CATALUNYA;2020-07-14;2020-07-20;No;183.953;1.60833;114.3747;72.9850;5574;740.8627;56581;0;9.2509;447;70;19
CATALUNYA;CATALUNYA;2020-07-14;2020-07-20;--;;;0.0000;0.0000;133;0.0000;737;0;7.0055;39;11;0
CATALUNYA;CATALUNYA;2020-07-13;2020-07-19;No;168.497;1.63016;103.3628;67.3547;5144;704.8677;53832;0;9.1721;410;75;13
CATALUNYA;CATALUNYA;2020-07-13;2020-07-19;--;;;0.0000;0.0000;115;0.0000;694;0;6.7153;38;10;0
CATALUNYA;CATALUNYA;2020-07-13;2020-07-19;Si;;;436.0947;282.8295;179;5798.7959;3670;0;5.8824;47;0;7
CATALUNYA;CATALUNYA;2020-07-12;2020-07-18;No;165.606;1.65134;100.2857;65.6525;5014;693.4499;52960;0;9.0058;376;67;11
CATALUNYA;CATALUNYA;2020-07-12;2020-07-18;--;;;0.0000;0.0000;112;0.0000;694;0;6.4234;35;10;0
CATALUNYA;CATALUNYA;2020-07-12;2020-07-18;Si;;;413.9739;270.1891;171;5707.1529;3612;0;5.9080;36;0;9
CATALUNYA;CATALUNYA;2020-07-11;2020-07-17;--;;;0.0000;0.0000;108;0.0000;693;0;6.1404;31;8;0
CATALUNYA;CATALUNYA;2020-07-11;2020-07-17;Si;;;371.3125;219.6274;139;5350.0608;3386;0;4.6745;34;0;9
CATALUNYA;CATALUNYA;2020-07-11;2020-07-17;No;160.703;1.6966;94.7208;62.0255;4737;661.0950;50489;0;8.7915;372;66;12
CATALUNYA;CATALUNYA;2020-07-10;2020-07-16;--;;;0.0000;0.0000;102;0.0000;621;0;6.6667;33;5;0
CATALUNYA;CATALUNYA;2020-07-10;2020-07-16;Si;;;341.2915;205.4069;130;5245.7773;3320;0;4.3553;33;0;9
CATALUNYA;CATALUNYA;2020-07-10;2020-07-16;No;150.133;1.75508;85.5420;56.7879;4337;620.9886;47426;0;8.6241;354;55;11
CATALUNYA;CATALUNYA;2020-07-09;2020-07-15;Si;;;312.8505;194.3465;123;5493.8456;3477;0;4.3366;25;0;10
CATALUNYA;CATALUNYA;2020-07-09;2020-07-15;No;137.222;1.80438;76.0490;50.9612;3892;578.1062;44151;0;8.3609;328;54;10
CATALUNYA;CATALUNYA;2020-07-09;2020-07-15;--;;;0.0000;0.0000;78;0.0000;517;0;5.2632;25;5;0
CATALUNYA;CATALUNYA;2020-07-08;2020-07-14;Si;;;225.9476;140.6247;89;5320.0398;3367;0;3.0568;23;0;9
CATALUNYA;CATALUNYA;2020-07-08;2020-07-14;No;123.824;1.82174;67.9701;45.7760;3496;544.3372;41572;0;7.9219;336;53;12
CATALUNYA;CATALUNYA;2020-07-08;2020-07-14;--;;;0.0000;0.0000;83;0.0000;476;0;6.7797;22;4;0
CATALUNYA;CATALUNYA;2020-07-07;2020-07-13;Si;;;210.1471;169.0657;107;5226.8166;3308;0;2.8976;24;1;10
CATALUNYA;CATALUNYA;2020-07-07;2020-07-13;No;111.34;1.83458;60.6899;41.3896;3161;527.0795;40254;0;7.3680;294;51;14
CATALUNYA;CATALUNYA;2020-07-07;2020-07-13;--;;;0.0000;0.0000;61;0.0000;447;0;6.0948;20;4;0
CATALUNYA;CATALUNYA;2020-07-06;2020-07-12;No;97.1882;1.82594;53.2264;36.0080;2750;505.7235;38623;0;6.6866;276;39;12
CATALUNYA;CATALUNYA;2020-07-06;2020-07-12;--;;;0.0000;0.0000;59;0.0000;388;0;5.9896;19;5;0
CATALUNYA;CATALUNYA;2020-07-06;2020-07-12;Si;;;191.1864;153.2651;97;4902.9057;3103;0;2.7561;28;1;12
CATALUNYA;CATALUNYA;2020-07-05;2020-07-11;No;93.1327;1.8233;51.0790;34.6332;2645;494.7246;37783;0;6.5707;275;38;10
CATALUNYA;CATALUNYA;2020-07-05;2020-07-11;--;;;0.0000;0.0000;57;0.0000;383;0;6.0686;22;5;0
CATALUNYA;CATALUNYA;2020-07-05;2020-07-11;Si;;;181.7061;143.7848;91;4645.3570;2940;0;2.4101;28;1;10
CATALUNYA;CATALUNYA;2020-07-04;2020-07-10;--;;;0.0000;0.0000;53;0.0000;368;0;6.8681;22;5;0
CATALUNYA;CATALUNYA;2020-07-04;2020-07-10;Si;;;176.9659;151.6851;96;4548.9737;2879;0;2.7924;29;1;9
CATALUNYA;CATALUNYA;2020-07-04;2020-07-10;No;86.1523;1.78406;48.2900;32.6953;2497;481.0023;36735;0;6.3725;249;41;11
CATALUNYA;CATALUNYA;2020-07-03;2020-07-09;Si;;;175.3859;135.8845;86;4248.7636;2689;0;2.6037;26;1;11
CATALUNYA;CATALUNYA;2020-07-03;2020-07-09;No;73.9044;1.71504;43.0918;28.7540;2196;463.9148;35430;0;5.4465;256;36;12
CATALUNYA;CATALUNYA;2020-07-03;2020-07-09;--;;;0.0000;0.0000;47;0.0000;335;0;6.6465;17;3;0
CATALUNYA;CATALUNYA;2020-07-02;2020-07-08;Si;;;154.8452;118.5040;75;3825.3092;2421;0;2.3030;29;1;11
CATALUNYA;CATALUNYA;2020-07-02;2020-07-08;No;63.0702;1.64283;38.3911;25.0878;1916;448.1498;34226;0;4.9226;238;29;13
CATALUNYA;CATALUNYA;2020-07-02;2020-07-08;--;;;0.0000;0.0000;40;0.0000;306;0;7.6159;16;3;0
CATALUNYA;CATALUNYA;2020-07-01;2020-07-07;Si;;;121.6641;85.3228;54;3626.2225;2295;0;1.5292;30;1;10
CATALUNYA;CATALUNYA;2020-07-01;2020-07-07;No;54.2743;1.64878;32.9179;22.1940;1695;435.8416;33286;0;4.4627;215;23;16
CATALUNYA;CATALUNYA;2020-07-01;2020-07-07;--;;;0.0000;0.0000;33;0.0000;278;0;4.7101;16;1;0
CATALUNYA;CATALUNYA;2020-06-30;2020-07-06;No;48.3911;1.6595;29.1599;19.3003;1474;427.2782;32632;0;3.9448;192;21;17
CATALUNYA;CATALUNYA;2020-06-30;2020-07-06;--;;;0.0000;0.0000;29;0.0000;269;0;3.7594;16;1;0
CATALUNYA;CATALUNYA;2020-06-30;2020-07-06;Si;;;85.3228;41.0813;26;3466.6371;2194;0;1.3986;28;0;10
CATALUNYA;CATALUNYA;2020-06-29;2020-07-05;No;43.9934;1.69518;25.9519;17.2184;1315;428.5091;32726;0;3.7298;190;19;17
CATALUNYA;CATALUNYA;2020-06-29;2020-07-05;--;;;0.0000;0.0000;21;0.0000;258;0;3.5433;15;0;0
CATALUNYA;CATALUNYA;2020-06-29;2020-07-05;Si;;;82.1627;37.9212;24;3307.0517;2093;0;1.4321;26;0;10
CATALUNYA;CATALUNYA;2020-06-28;2020-07-04;--;;;0.0000;0.0000;21;0.0000;257;0;3.5573;10;0;0
CATALUNYA;CATALUNYA;2020-06-28;2020-07-04;Si;;;82.1627;37.9212;24;3354.4533;2123;0;1.4145;25;0;11
CATALUNYA;CATALUNYA;2020-06-28;2020-07-04;No;42.0961;1.69119;24.8913;16.4458;1256;427.8544;32676;0;3.6295;184;15;17
CATALUNYA;CATALUNYA;2020-06-27;2020-07-03;--;;;0.0000;0.0000;17;0.0000;270;0;2.6316;7;0;0
CATALUNYA;CATALUNYA;2020-06-27;2020-07-03;Si;;;69.5223;25.2808;16;3378.1541;2138;0;0.9265;25;0;11
CATALUNYA;CATALUNYA;2020-06-27;2020-07-03;No;40.5359;1.7038;23.7915;15.5947;1191;431.9397;32988;0;3.4452;190;13;16
CATALUNYA;CATALUNYA;2020-06-26;2020-07-02;Si;;;72.6824;39.5013;25;3570.9206;2260;0;1.3953;28;0;11
CATALUNYA;CATALUNYA;2020-06-26;2020-07-02;No;35.4079;1.64888;21.4739;14.3377;1095;436.9415;33370;0;3.1089;162;16;15
CATALUNYA;CATALUNYA;2020-06-26;2020-07-02;--;;;0.0000;0.0000;16;0.0000;280;0;2.1818;5;0;0
CATALUNYA;CATALUNYA;2020-06-25;2020-07-01;Si;;;79.0026;36.3412;23;3379.7342;2139;0;1.3622;28;0;11
CATALUNYA;CATALUNYA;2020-06-25;2020-07-01;No;31.5607;1.58994;19.8502;13.3033;1016;421.8312;32216;0;2.7142;167;15;16
CATALUNYA;CATALUNYA;2020-06-25;2020-07-01;--;;;0.0000;0.0000;16;0.0000;310;0;1.3158;5;1;0
CATALUNYA;CATALUNYA;2020-06-24;2020-06-30;Si;;;93.2231;36.3412;23;2989.4610;1892;0;1.6300;28;0;12
CATALUNYA;CATALUNYA;2020-06-24;2020-06-30;No;26.078;1.49409;17.4540;10.7238;819;373.9208;28557;0;2.4769;155;13;10
CATALUNYA;CATALUNYA;2020-06-24;2020-06-30;--;;;0.0000;0.0000;9;0.0000;272;0;1.1364;4;1;0
CATALUNYA;CATALUNYA;2020-06-23;2020-06-29;No;23.3568;1.43623;16.2625;9.8596;753;374.0256;28565;0;2.2893;164;16;7
CATALUNYA;CATALUNYA;2020-06-23;2020-06-29;--;;;0.0000;0.0000;17;0.0000;272;0;2.2727;4;1;0
CATALUNYA;CATALUNYA;2020-06-23;2020-06-29;Si;;;101.1234;44.2414;28;2995.7812;1896;0;2.0619;29;0;11
CATALUNYA;CATALUNYA;2020-06-22;2020-06-28;--;;;0.0000;0.0000;16;0.0000;264;0;2.3438;8;1;0
CATALUNYA;CATALUNYA;2020-06-22;2020-06-28;Si;;;105.8635;44.2414;28;3060.5634;1937;0;2.0619;29;0;11
CATALUNYA;CATALUNYA;2020-06-22;2020-06-28;No;20.5965;1.3702;15.0317;8.7335;667;364.9123;27869;0;2.2642;176;34;11
CATALUNYA;CATALUNYA;2020-06-21;2020-06-27;--;;;0.0000;0.0000;16;0.0000;264;0;2.3438;8;1;0
CATALUNYA;CATALUNYA;2020-06-21;2020-06-27;Si;;;113.7638;44.2414;28;3000.5214;1899;0;2.1068;29;0;11
CATALUNYA;CATALUNYA;2020-06-21;2020-06-27;No;19.1706;1.32617;14.4556;8.4455;645;363.0399;27726;0;2.1590;171;34;13
CATALUNYA;CATALUNYA;2020-06-20;2020-06-26;Si;;;113.7638;44.2414;28;3002.1014;1900;0;2.0880;32;0;14
CATALUNYA;CATALUNYA;2020-06-20;2020-06-26;No;17.7356;1.25883;14.0889;8.1967;626;361.5995;27616;0;2.1569;156;31;14
CATALUNYA;CATALUNYA;2020-06-20;2020-06-26;--;;;0.0000;0.0000;16;0.0000;252;0;2.4691;9;1;0
CATALUNYA;CATALUNYA;2020-06-19;2020-06-25;Si;;;124.8242;33.1811;21;2926.2589;1852;0;1.5810;34;0;13
CATALUNYA;CATALUNYA;2020-06-19;2020-06-25;No;15.6969;1.19641;13.1200;7.1361;545;348.6890;26630;0;1.8836;145;28;15
CATALUNYA;CATALUNYA;2020-06-19;2020-06-25;--;;;0.0000;0.0000;16;0.0000;240;0;2.1645;11;1;0
CATALUNYA;CATALUNYA;2020-06-18;2020-06-24;Si;;;123.2441;42.6614;27;3196.4480;2023;0;2.1199;33;0;12
CATALUNYA;CATALUNYA;2020-06-18;2020-06-24;No;14.3954;1.18598;12.1379;6.5469;500;366.6276;28000;0;1.8555;146;34;16
CATALUNYA;CATALUNYA;2020-06-18;2020-06-24;--;;;0.0000;0.0000;15;0.0000;230;0;2.2624;10;0;0
CATALUNYA;CATALUNYA;2020-06-17;2020-06-23;No;15.0339;1.16211;12.9367;6.7302;514;414.2368;31636;0;1.6760;168;37;19
CATALUNYA;CATALUNYA;2020-06-17;2020-06-23;--;;;0.0000;0.0000;15;0.0000;257;0;2.0080;10;0;0
CATALUNYA;CATALUNYA;2020-06-17;2020-06-23;Si;;;140.6247;56.8819;36;3853.7502;2439;0;2.2656;33;0;12
CATALUNYA;CATALUNYA;2020-06-16;2020-06-22;No;14.1994;1.11797;12.7010;6.4028;489;415.8997;31763;0;1.5178;166;35;19
CATALUNYA;CATALUNYA;2020-06-16;2020-06-22;--;;;0.0000;0.0000;10;0.0000;265;0;1.1673;10;0;0
CATALUNYA;CATALUNYA;2020-06-16;2020-06-22;Si;;;142.2048;56.8819;36;4060.7372;2570;0;2.2644;35;0;13
CATALUNYA;CATALUNYA;2020-06-15;2020-06-21;--;;;0.0000;0.0000;10;0.0000;300;0;0.6849;5;0;0
CATALUNYA;CATALUNYA;2020-06-15;2020-06-21;Si;;;176.9659;61.6220;39;4131.8396;2615;0;2.3711;31;1;17
CATALUNYA;CATALUNYA;2020-06-15;2020-06-21;No;13.6149;1.07528;12.6617;6.2981;481;430.0149;32841;0;1.4304;139;18;21
CATALUNYA;CATALUNYA;2020-06-14;2020-06-20;--;;;0.0000;0.0000;9;0.0000;304;0;0.6757;5;0;0
CATALUNYA;CATALUNYA;2020-06-14;2020-06-20;Si;;;192.7665;69.5223;44;4195.0417;2655;0;2.6698;33;1;20
CATALUNYA;CATALUNYA;2020-06-14;2020-06-20;No;13.1037;1.04245;12.5700;6.0100;459;429.5435;32805;0;1.3656;143;19;24
CATALUNYA;CATALUNYA;2020-06-13;2020-06-19;Si;;;195.9266;69.5223;44;4237.7032;2682;0;2.6574;29;1;20
CATALUNYA;CATALUNYA;2020-06-13;2020-06-19;No;12.2391;0.963631;12.7010;5.8922;450;430.8005;32901;0;1.2874;144;19;23
CATALUNYA;CATALUNYA;2020-06-13;2020-06-19;--;;;0.0000;0.0000;9;0.0000;300;0;0.6826;4;0;0
CATALUNYA;CATALUNYA;2020-06-12;2020-06-18;Si;;;214.8872;91.6430;58;4767.0211;3017;0;3.3116;28;1;20
CATALUNYA;CATALUNYA;2020-06-12;2020-06-18;No;11.9736;0.869244;13.7747;5.9838;457;448.2022;34230;0;1.2840;152;23;23
CATALUNYA;CATALUNYA;2020-06-12;2020-06-18;--;;;0.0000;0.0000;8;0.0000;333;0;0.9231;3;0;0
CATALUNYA;CATALUNYA;2020-06-11;2020-06-17;No;11.2452;0.801882;14.0235;5.5910;427;455.8228;34812;0;1.1857;145;21;22
CATALUNYA;CATALUNYA;2020-06-11;2020-06-17;--;;;0.0000;0.0000;8;0.0000;357;0;1.1429;3;0;0
CATALUNYA;CATALUNYA;2020-06-11;2020-06-17;Si;;;235.4279;80.5827;51;4861.8243;3077;0;2.8037;29;1;24
CATALUNYA;CATALUNYA;2020-06-10;2020-06-16;No;11.5381;0.781887;14.7567;6.2064;474;468.5631;35785;0;1.3491;127;19;23
CATALUNYA;CATALUNYA;2020-06-10;2020-06-16;--;;;0.0000;0.0000;10;0.0000;368;0;1.3889;5;0;0
CATALUNYA;CATALUNYA;2020-06-10;2020-06-16;Si;;;232.2678;83.7428;53;5045.1105;3193;0;2.8939;32;2;25
CATALUNYA;CATALUNYA;2020-06-09;2020-06-15;--;;;0.0000;0.0000;8;0.0000;352;0;1.1662;4;0;0
CATALUNYA;CATALUNYA;2020-06-09;2020-06-15;Si;;;246.4883;85.3228;54;5444.8640;3446;0;3.1345;32;2;22
CATALUNYA;CATALUNYA;2020-06-09;2020-06-15;No;11.5847;0.772026;15.0055;6.2981;481;470.7760;35954;0;1.3513;125;19;25
CATALUNYA;CATALUNYA;2020-06-08;2020-06-14;--;;;0.0000;0.0000;7;0.0000;361;0;1.1364;5;0;0
CATALUNYA;CATALUNYA;2020-06-08;2020-06-14;Si;;;251.2284;115.3438;73;5749.8143;3639;0;3.3541;38;1;20
CATALUNYA;CATALUNYA;2020-06-08;2020-06-14;No;11.7142;0.791713;14.7960;6.3636;486;474.9791;36275;0;1.3189;131;21;30
CATALUNYA;CATALUNYA;2020-06-07;2020-06-13;Si;;;248.0683;123.2441;78;5868.3183;3714;0;3.5171;36;1;19
CATALUNYA;CATALUNYA;2020-06-07;2020-06-13;No;13.0861;0.863047;15.1626;6.5600;501;481.4737;36771;0;1.3515;134;26;31
CATALUNYA;CATALUNYA;2020-06-07;2020-06-13;--;;;0.0000;0.0000;8;0.0000;366;0;1.4006;6;0;0
CATALUNYA;CATALUNYA;2020-06-06;2020-06-12;Si;;;271.7691;126.4042;80;6072.1452;3843;0;3.5931;36;1;21
CATALUNYA;CATALUNYA;2020-06-06;2020-06-12;No;14.976;0.942128;15.8959;6.8087;520;493.4414;37685;0;1.4033;148;32;33
CATALUNYA;CATALUNYA;2020-06-06;2020-06-12;--;;;0.0000;0.0000;10;0.0000;380;0;1.6173;6;0;0
CATALUNYA;CATALUNYA;2020-06-05;2020-06-11;Si;;;300.2101;123.2441;78;6384.9958;4041;0;3.3348;41;1;25
CATALUNYA;CATALUNYA;2020-06-05;2020-06-11;No;16.5288;0.990063;16.6946;7.7908;595;506.9805;38719;0;1.5861;165;28;33
CATALUNYA;CATALUNYA;2020-06-05;2020-06-11;--;;;0.0000;0.0000;9;0.0000;419;0;1.2165;7;0;0
CATALUNYA;CATALUNYA;2020-06-04;2020-06-10;No;17.691;1.00304;17.6374;8.4324;644;519.4982;39675;0;1.6767;168;29;34
CATALUNYA;CATALUNYA;2020-06-04;2020-06-10;--;;;0.0000;0.0000;8;0.0000;464;0;0.6593;10;1;0
CATALUNYA;CATALUNYA;2020-06-04;2020-06-10;Si;;;336.5513;154.8452;98;6911.1535;4374;0;3.3522;42;1;26
CATALUNYA;CATALUNYA;2020-06-03;2020-06-09;No;18.0355;0.993799;18.1480;8.5502;653;529.4233;40433;0;1.6559;179;27;34
CATALUNYA;CATALUNYA;2020-06-03;2020-06-09;--;;;0.0000;0.0000;6;0.0000;485;0;0.4202;10;1;0
CATALUNYA;CATALUNYA;2020-06-03;2020-06-09;Si;;;338.1314;148.5250;94;6931.6942;4387;0;3.2468;41;0;37
CATALUNYA;CATALUNYA;2020-06-02;2020-06-08;--;;;0.0000;0.0000;6;0.0000;502;0;0.4049;9;2;0
CATALUNYA;CATALUNYA;2020-06-02;2020-06-08;Si;;;364.9923;161.1654;102;6622.0038;4191;0;3.1341;42;0;44
CATALUNYA;CATALUNYA;2020-06-02;2020-06-08;No;18.5108;0.972283;19.0384;8.7074;665;522.2872;39888;0;1.6908;189;26;34
CATALUNYA;CATALUNYA;2020-06-01;2020-06-07;Si;;;396.5934;135.8845;86;6359.7149;4025;0;2.9210;37;0;46
CATALUNYA;CATALUNYA;2020-06-01;2020-06-07;No;19.136;0.944699;20.2561;8.4324;644;497.2779;37978;0;1.7538;190;25;26
CATALUNYA;CATALUNYA;2020-06-01;2020-06-07;--;;;0.0000;0.0000;8;0.0000;458;0;0.8869;10;2;0
CATALUNYA;CATALUNYA;2020-05-31;2020-06-06;Si;;;407.6537;124.8242;79;6702.5865;4242;0;2.4371;39;1;55
CATALUNYA;CATALUNYA;2020-05-31;2020-06-06;No;18.4678;0.870094;21.2251;8.6026;657;509.0362;38876;0;1.7458;194;20;26
CATALUNYA;CATALUNYA;2020-05-31;2020-06-06;--;;;0.0000;0.0000;7;0.0000;472;0;0.6466;10;3;0
CATALUNYA;CATALUNYA;2020-05-30;2020-06-05;Si;;;445.5750;145.3649;92;7400.9701;4684;0;2.5277;40;1;57
CATALUNYA;CATALUNYA;2020-05-30;2020-06-05;No;16.8937;0.78623;21.4869;9.0871;694;526.4641;40207;0;1.7866;184;18;25
CATALUNYA;CATALUNYA;2020-05-30;2020-06-05;--;;;0.0000;0.0000;6;0.0000;534;0;0.5703;13;4;0
CATALUNYA;CATALUNYA;2020-05-29;2020-06-04;No;16.4994;0.752293;21.9321;8.9038;680;529.0567;40405;0;1.6886;177;22;32
CATALUNYA;CATALUNYA;2020-05-29;2020-06-04;--;;;0.0000;0.0000;9;0.0000;522;0;1.3592;11;4;0
CATALUNYA;CATALUNYA;2020-05-29;2020-06-04;Si;;;494.5567;176.9659;112;7656.9388;4846;0;3.0423;37;1;62
CATALUNYA;CATALUNYA;2020-05-28;2020-06-03;No;17.6763;0.750816;23.5427;9.2049;703;542.9885;41469;0;1.6851;181;19;37
CATALUNYA;CATALUNYA;2020-05-28;2020-06-03;--;;;0.0000;0.0000;14;0.0000;600;0;2.0339;9;3;0
CATALUNYA;CATALUNYA;2020-05-28;2020-06-03;Si;;;521.4176;181.7061;115;8337.9418;5277;0;3.2642;45;2;64
CATALUNYA;CATALUNYA;2020-05-27;2020-06-02;--;;;0.0000;0.0000;16;0.0000;684;0;2.0741;9;4;0
CATALUNYA;CATALUNYA;2020-05-27;2020-06-02;Si;;;613.0607;189.6064;120;8555.9891;5415;0;3.3236;41;2;59
CATALUNYA;CATALUNYA;2020-05-27;2020-06-02;No;18.558;0.777032;23.8831;9.5977;733;541.9934;41393;0;1.7178;178;21;41
CATALUNYA;CATALUNYA;2020-05-26;2020-06-01;--;;;0.0000;0.0000;16;0.0000;752;0;1.8919;11;3;0
CATALUNYA;CATALUNYA;2020-05-26;2020-06-01;Si;;;625.7011;203.8268;129;9632.0055;6096;0;3.3456;40;3;60
CATALUNYA;CATALUNYA;2020-05-26;2020-06-01;No;20.6749;0.814747;25.3758;10.3310;789;565.3659;43178;0;1.7947;176;28;48
CATALUNYA;CATALUNYA;2020-05-25;2020-05-31;Si;;;638.3415;260.7088;165;10777.5442;6821;0;3.5615;43;4;65
CATALUNYA;CATALUNYA;2020-05-25;2020-05-31;No;23.015;0.846675;27.1828;11.8237;903;606.8996;46350;0;1.8974;181;33;53
CATALUNYA;CATALUNYA;2020-05-25;2020-05-31;--;;;0.0000;0.0000;14;0.0000;827;0;1.4760;12;3;0
CATALUNYA;CATALUNYA;2020-05-24;2020-05-30;Si;;;644.6617;282.8295;179;11268.9408;7132;0;3.7260;52;3;63
CATALUNYA;CATALUNYA;2020-05-24;2020-05-30;No;23.6856;0.870088;27.2221;12.6224;964;614.4547;46927;0;2.0195;184;32;56
CATALUNYA;CATALUNYA;2020-05-24;2020-05-30;--;;;0.0000;0.0000;17;0.0000;881;0;1.7361;11;2;0
CATALUNYA;CATALUNYA;2020-05-23;2020-05-29;Si;;;652.5620;300.2101;190;12040.0069;7620;0;3.6465;57;3;72
CATALUNYA;CATALUNYA;2020-05-23;2020-05-29;No;25.338;0.927221;27.3268;12.3998;947;612.8180;46802;0;1.9544;184;28;66
CATALUNYA;CATALUNYA;2020-05-23;2020-05-29;--;;;0.0000;0.0000;16;0.0000;898;0;1.5909;8;1;0
CATALUNYA;CATALUNYA;2020-05-22;2020-05-28;No;28.1491;1.01358;27.7720;13.0283;995;612.9882;46815;0;2.0604;176;30;68
CATALUNYA;CATALUNYA;2020-05-22;2020-05-28;--;;;0.0000;0.0000;15;0.0000;926;0;1.3230;12;1;0
CATALUNYA;CATALUNYA;2020-05-22;2020-05-28;Si;;;665.2024;317.5907;201;13141.3041;8317;0;3.5037;63;3;72
CATALUNYA;CATALUNYA;2020-05-21;2020-05-27;--;;;0.0000;0.0000;10;0.0000;866;0;0.8235;15;1;0
CATALUNYA;CATALUNYA;2020-05-21;2020-05-27;Si;;;707.8639;339.7114;215;14203.1000;8989;0;3.5409;64;2;76
CATALUNYA;CATALUNYA;2020-05-21;2020-05-27;No;30.3416;1.09407;27.7327;14.3377;1095;618.7102;47252;0;2.2971;202;34;76
CATALUNYA;CATALUNYA;2020-05-20;2020-05-26;--;;;0.0000;0.0000;8;0.0000;807;0;0.7595;13;0;0
CATALUNYA;CATALUNYA;2020-05-20;2020-05-26;Si;;;752.1054;423.4543;268;15577.7465;9859;0;4.0279;67;2;82
CATALUNYA;CATALUNYA;2020-05-20;2020-05-26;No;31.869;1.14321;27.8767;14.2853;1091;623.1752;47593;0;2.2379;216;36;85
CATALUNYA;CATALUNYA;2020-05-19;2020-05-25;Si;;;783.7064;421.8742;267;16132.3452;10210;0;3.7087;73;2;84
CATALUNYA;CATALUNYA;2020-05-19;2020-05-25;No;33.1711;1.18104;28.0862;15.0448;1149;632.3278;48292;0;2.3609;228;29;96
CATALUNYA;CATALUNYA;2020-05-19;2020-05-25;--;;;0.0000;0.0000;12;0.0000;740;0;1.2397;13;0;0
CATALUNYA;CATALUNYA;2020-05-18;2020-05-24;Si;;;760.0056;377.6327;239;16491.0173;10437;0;3.3585;74;2;75
CATALUNYA;CATALUNYA;2020-05-18;2020-05-24;No;33.4087;1.18673;28.1517;15.3590;1173;638.0237;48727;0;2.3548;236;30;101
CATALUNYA;CATALUNYA;2020-05-18;2020-05-24;--;;;0.0000;0.0000;15;0.0000;695;0;1.6129;10;0;1
CATALUNYA;CATALUNYA;2020-05-17;2020-05-23;Si;;;771.0660;361.8322;229;16601.6211;10507;0;3.1382;70;2;75
CATALUNYA;CATALUNYA;2020-05-17;2020-05-23;No;32.6623;1.18278;27.6149;14.5996;1115;625.0738;47738;0;2.2762;231;33;108
CATALUNYA;CATALUNYA;2020-05-17;2020-05-23;--;;;0.0000;0.0000;12;0.0000;619;0;1.3115;11;0;1
CATALUNYA;CATALUNYA;2020-05-16;2020-05-22;No;32.0238;1.14876;27.8767;14.9269;1140;628.7139;48016;0;2.3650;236;35;109
CATALUNYA;CATALUNYA;2020-05-16;2020-05-22;--;;;0.0000;0.0000;12;0.0000;532;0;1.5267;15;0;1
CATALUNYA;CATALUNYA;2020-05-16;2020-05-22;Si;;;823.2078;352.3519;223;16073.8832;10173;0;3.1811;67;2;72
CATALUNYA;CATALUNYA;2020-05-15;2020-05-21;No;30.5292;1.12365;27.1697;14.7436;1126;609.8195;46573;0;2.3542;259;34;116
CATALUNYA;CATALUNYA;2020-05-15;2020-05-21;--;;;0.0000;0.0000;10;0.0000;441;0;1.3857;14;0;1
CATALUNYA;CATALUNYA;2020-05-15;2020-05-21;Si;;;834.2681;347.6117;220;14974.1661;9477;0;3.3612;69;2;84
CATALUNYA;CATALUNYA;2020-05-14;2020-05-20;--;;;0.0000;0.0000;12;0.0000;353;0;2.0231;13;0;1
CATALUNYA;CATALUNYA;2020-05-14;2020-05-20;Si;;;848.4886;368.1524;233;14070.3755;8905;0;3.5217;76;2;87
CATALUNYA;CATALUNYA;2020-05-14;2020-05-20;No;28.3272;1.10944;25.5329;13.3950;1023;597.0137;45595;0;2.0927;250;33;113
CATALUNYA;CATALUNYA;2020-05-13;2020-05-19;--;;;0.0000;0.0000;13;0.0000;334;0;1.8405;14;0;1
CATALUNYA;CATALUNYA;2020-05-13;2020-05-19;Si;;;875.3495;328.6511;208;14065.6354;8902;0;3.1630;78;2;91
CATALUNYA;CATALUNYA;2020-05-13;2020-05-19;No;28.777;1.12016;25.6901;13.5914;1038;583.0819;44531;0;2.1581;265;36;113
CATALUNYA;CATALUNYA;2020-05-12;2020-05-18;Si;;;948.0320;361.8322;229;13763.8452;8711;0;3.5417;76;1;100
CATALUNYA;CATALUNYA;2020-05-12;2020-05-18;No;27.9129;1.11903;24.9437;13.0414;996;554.0659;42315;0;2.0498;280;44;114
CATALUNYA;CATALUNYA;2020-05-12;2020-05-18;--;;;0.0000;0.0000;8;0.0000;322;0;0.9554;16;0;2
CATALUNYA;CATALUNYA;2020-05-11;2020-05-17;Si;;;1033.3549;382.3729;242;13714.8635;8680;0;3.8734;84;0;133
CATALUNYA;CATALUNYA;2020-05-11;2020-05-17;No;27.4327;1.12578;24.3676;12.7926;977;532.3040;40653;0;2.0902;297;39;122
CATALUNYA;CATALUNYA;2020-05-11;2020-05-17;--;;;0.0000;0.0000;9;0.0000;314;0;0.6536;18;0;1
CATALUNYA;CATALUNYA;2020-05-10;2020-05-16;No;27.643;1.12956;24.4723;13.0152;994;526.2808;40193;0;2.1031;311;42;129
CATALUNYA;CATALUNYA;2020-05-10;2020-05-16;--;;;0.0000;0.0000;9;0.0000;321;0;0.6410;17;0;1
CATALUNYA;CATALUNYA;2020-05-10;2020-05-16;Si;;;1050.7355;409.2338;259;13122.3435;8305;0;4.3801;88;0;150
CATALUNYA;CATALUNYA;2020-05-09;2020-05-15;No;27.2821;1.11601;24.4462;12.9498;989;508.5255;38837;0;2.0804;335;43;126
CATALUNYA;CATALUNYA;2020-05-09;2020-05-15;--;;;0.0000;0.0000;10;0.0000;353;0;0.8746;13;0;1
CATALUNYA;CATALUNYA;2020-05-09;2020-05-15;Si;;;1117.0977;470.8559;298;13202.9262;8356;0;4.8989;93;1;166
CATALUNYA;CATALUNYA;2020-05-08;2020-05-14;--;;;0.0000;0.0000;12;0.0000;367;0;0.8380;13;0;2
CATALUNYA;CATALUNYA;2020-05-08;2020-05-14;Si;;;1164.4993;486.6564;308;13528.4172;8562;0;4.7686;98;2;169
CATALUNYA;CATALUNYA;2020-05-08;2020-05-14;No;26.0684;1.0939;23.8307;12.4260;949;493.6771;37703;0;2.0043;344;48;133
CATALUNYA;CATALUNYA;2020-05-07;2020-05-13;--;;;0.0000;0.0000;12;0.0000;430;0;0.9501;12;1;2
CATALUNYA;CATALUNYA;2020-05-07;2020-05-13;Si;;;1259.3025;480.3362;304;13544.2177;8572;0;4.5930;94;2;201
CATALUNYA;CATALUNYA;2020-05-07;2020-05-13;No;25.8332;1.04057;24.8259;12.1379;927;474.4292;36233;0;2.0720;353;51;155
CATALUNYA;CATALUNYA;2020-05-06;2020-05-12;Si;;;1482.0900;546.6984;346;14059.3152;8898;0;4.6512;99;2;231
CATALUNYA;CATALUNYA;2020-05-06;2020-05-12;No;25.5596;0.969711;26.3579;12.0987;924;478.3573;36533;0;2.0307;371;46;170
CATALUNYA;CATALUNYA;2020-05-06;2020-05-12;--;;;0.0000;0.0000;15;0.0000;440;0;1.6166;14;3;3
CATALUNYA;CATALUNYA;2020-05-05;2020-05-11;Si;;;1698.5574;586.1998;371;14432.2078;9134;0;4.5805;107;2;260
CATALUNYA;CATALUNYA;2020-05-05;2020-05-11;No;24.6621;0.898182;27.4577;11.9023;909;472.9365;36119;0;2.0127;394;43;189
CATALUNYA;CATALUNYA;2020-05-05;2020-05-11;--;;;0.0000;0.0000;16;0.0000;458;0;1.7817;14;3;3
CATALUNYA;CATALUNYA;2020-05-04;2020-05-10;Si;;;1777.5600;650.9820;412;15072.1294;9539;0;4.5844;113;3;277
CATALUNYA;CATALUNYA;2020-05-04;2020-05-10;No;24.109;0.851245;28.3219;11.5749;884;472.2949;36070;0;2.0052;399;43;201
CATALUNYA;CATALUNYA;2020-05-04;2020-05-10;--;;;0.0000;0.0000;20;0.0000;499;0;2.2587;14;4;3
CATALUNYA;CATALUNYA;2020-05-03;2020-05-09;No;23.341;0.801527;29.1207;11.4571;875;479.1168;36591;0;1.9993;400;40;215
CATALUNYA;CATALUNYA;2020-05-03;2020-05-09;--;;;0.0000;0.0000;22;0.0000;507;0;2.6210;17;4;3
CATALUNYA;CATALUNYA;2020-05-03;2020-05-09;Si;;;1921.3449;641.5016;406;15941.1588;10089;0;4.1598;112;4;301
CATALUNYA;CATALUNYA;2020-05-02;2020-05-08;No;22.8669;0.756665;30.2205;11.4963;878;478.6192;36553;0;2.0330;390;41;239
CATALUNYA;CATALUNYA;2020-05-02;2020-05-08;--;;;0.0000;0.0000;22;0.0000;513;0;2.5896;20;4;4
CATALUNYA;CATALUNYA;2020-05-02;2020-05-08;Si;;;2043.0090;646.2418;409;15843.1955;10027;0;3.8766;120;3;329
CATALUNYA;CATALUNYA;2020-05-01;2020-05-07;--;;;0.0000;0.0000;22;0.0000;618;0;2.6446;28;6;5
CATALUNYA;CATALUNYA;2020-05-01;2020-05-07;Si;;;2319.5183;677.8429;429;16443.6157;10407;0;3.6183;116;2;367
CATALUNYA;CATALUNYA;2020-05-01;2020-05-07;No;22.8205;0.677886;33.6642;11.4047;871;462.0424;35287;0;2.1566;380;33;238
CATALUNYA;CATALUNYA;2020-04-30;2020-05-06;Si;;;2728.7522;778.9663;493;18159.5537;11493;0;3.7813;100;2;376
CATALUNYA;CATALUNYA;2020-04-30;2020-05-06;No;24.0593;0.655531;36.7020;12.6879;969;482.6652;36862;0;2.3314;332;23;242
CATALUNYA;CATALUNYA;2020-04-30;2020-05-06;--;;;0.0000;0.0000;26;0.0000;680;0;2.5526;26;5;5
CATALUNYA;CATALUNYA;2020-04-29;2020-05-05;Si;;;3210.6685;935.3916;592;18736.2732;11858;0;3.6976;88;2;394
CATALUNYA;CATALUNYA;2020-04-29;2020-05-05;No;26.1217;0.637775;40.9575;14.2591;1089;484.9959;37040;0;2.6071;259;20;250
CATALUNYA;CATALUNYA;2020-04-29;2020-05-05;--;;;0.0000;0.0000;30;0.0000;706;0;2.6277;23;3;4
CATALUNYA;CATALUNYA;2020-04-28;2020-05-04;Si;;;3807.9287;1112.3575;704;20042.9774;12685;0;4.5004;69;2;423
CATALUNYA;CATALUNYA;2020-04-28;2020-05-04;No;28.3388;0.638243;44.4012;15.5554;1188;503.1440;38426;0;2.8978;178;13;259
CATALUNYA;CATALUNYA;2020-04-28;2020-05-04;--;;;0.0000;0.0000;40;0.0000;800;0;3.3376;19;3;4
CATALUNYA;CATALUNYA;2020-04-27;2020-05-03;No;31.1344;0.637818;48.8138;16.7470;1279;500.7609;38244;0;3.1110;118;9;265
CATALUNYA;CATALUNYA;2020-04-27;2020-05-03;--;;;0.0000;0.0000;44;0.0000;771;0;4.2497;17;2;4
CATALUNYA;CATALUNYA;2020-04-27;2020-05-03;Si;;;4267.7242;1126.5780;713;20866.1852;13206;0;4.2555;48;1;447
CATALUNYA;CATALUNYA;2020-04-26;2020-05-02;No;33.6003;0.664453;50.5684;17.6635;1349;515.3213;39356;0;3.2251;83;6;285
CATALUNYA;CATALUNYA;2020-04-26;2020-05-02;--;;;0.0000;0.0000;45;0.0000;773;0;4.3941;14;2;4
CATALUNYA;CATALUNYA;2020-04-26;2020-05-02;Si;;;4590.0551;1279.8432;810;21536.1279;13630;0;4.8990;36;0;467
CATALUNYA;CATALUNYA;2020-04-25;2020-05-01;--;;;0.0000;0.0000;48;0.0000;750;0;4.6703;11;2;3
CATALUNYA;CATALUNYA;2020-04-25;2020-05-01;Si;;;5111.4727;1396.7672;884;22571.0629;14285;0;5.4430;17;0;489
CATALUNYA;CATALUNYA;2020-04-25;2020-05-01;No;36.4184;0.688451;52.8991;18.7241;1430;526.4641;40207;0;3.4319;46;2;304
CATALUNYA;CATALUNYA;2020-04-24;2020-04-30;--;;;0.0000;0.0000;57;0.0000;644;0;6.6236;0;0;1
CATALUNYA;CATALUNYA;2020-04-24;2020-04-30;Si;;;6547.7413;1641.6754;1039;24432.3658;15463;0;6.5433;0;0;513
CATALUNYA;CATALUNYA;2020-04-24;2020-04-30;No;42.9565;0.73508;58.4378;22.2595;1700;550.9889;42080;0;3.9724;0;0;341
CATALUNYA;CATALUNYA;2020-04-23;2020-04-29;Si;;;7419.9307;1949.7859;1234;23748.2026;15030;0;8.0691;0;0;536
CATALUNYA;CATALUNYA;2020-04-23;2020-04-29;No;46.9593;0.754072;62.2743;24.0141;1834;536.7035;40989;0;4.5674;0;0;357
CATALUNYA;CATALUNYA;2020-04-23;2020-04-29;--;;;0.0000;0.0000;53;0.0000;547;0;7.7220;0;0;2
CATALUNYA;CATALUNYA;2020-04-22;2020-04-28;Si;;;8288.9601;2275.2769;1440;25002.7650;15824;0;10.4612;0;0;560
CATALUNYA;CATALUNYA;2020-04-22;2020-04-28;No;51.9103;0.786136;66.0322;26.6983;2039;534.4383;40816;0;5.3173;0;0;374
CATALUNYA;CATALUNYA;2020-04-22;2020-04-28;--;;;0.0000;0.0000;56;0.0000;507;0;9.5041;0;0;5
CATALUNYA;CATALUNYA;2020-04-21;2020-04-27;Si;;;8909.9211;2695.5711;1706;26172.0046;16564;0;11.9035;0;0;607
CATALUNYA;CATALUNYA;2020-04-21;2020-04-27;No;57.2098;0.806724;70.9162;28.8457;2203;516.0021;39408;0;6.0333;0;0;397
CATALUNYA;CATALUNYA;2020-04-21;2020-04-27;--;;;0.0000;0.0000;52;0.0000;407;0;10.9375;0;0;4
CATALUNYA;CATALUNYA;2020-04-20;2020-04-26;No;61.4115;0.832908;73.7314;32.0668;2449;513.7238;39234;0;6.8467;0;0;435
CATALUNYA;CATALUNYA;2020-04-20;2020-04-26;--;;;0.0000;0.0000;44;0.0000;373;0;10.0575;0;0;5
CATALUNYA;CATALUNYA;2020-04-20;2020-04-26;Si;;;9252.7927;3141.1461;1988;26145.1437;16547;0;14.1865;0;0;644
CATALUNYA;CATALUNYA;2020-04-19;2020-04-25;--;;;0.0000;0.0000;42;0.0000;363;0;9.3567;0;0;6
CATALUNYA;CATALUNYA;2020-04-19;2020-04-25;Si;;;9372.8768;3310.2118;2095;26281.0282;16633;0;15.0057;0;0;704
CATALUNYA;CATALUNYA;2020-04-19;2020-04-25;No;64.4908;0.843947;76.4156;32.9048;2513;498.6135;38080;0;7.3600;0;0;449
CATALUNYA;CATALUNYA;2020-04-18;2020-04-24;--;;;0.0000;0.0000;43;0.0000;356;0;9.8802;0;0;8
CATALUNYA;CATALUNYA;2020-04-18;2020-04-24;Si;;;9785.2707;3714.7055;2351;27398.1260;17340;0;16.1559;0;0;762
CATALUNYA;CATALUNYA;2020-04-18;2020-04-24;No;68.6794;0.864968;79.4010;34.1749;2610;486.7898;37177;0;7.8441;0;0;462
CATALUNYA;CATALUNYA;2020-04-17;2020-04-23;Si;;;10268.7670;4906.0658;3105;27036.2938;17111;0;19.4921;0;0;829
CATALUNYA;CATALUNYA;2020-04-17;2020-04-23;No;71.011;0.872464;81.3913;36.1782;2763;467.6073;35712;0;8.6899;0;0;494
CATALUNYA;CATALUNYA;2020-04-17;2020-04-23;--;;;0.0000;0.0000;40;0.0000;333;0;8.5443;0;0;10
CATALUNYA;CATALUNYA;2020-04-16;2020-04-22;Si;;;10673.2607;5470.1448;3462;27279.6220;17265;0;21.2548;0;0;906
CATALUNYA;CATALUNYA;2020-04-16;2020-04-22;No;76.4334;0.87965;86.8907;38.2602;2922;450.4282;34400;0;9.6447;0;0;523
CATALUNYA;CATALUNYA;2020-04-16;2020-04-22;--;;;0.0000;0.0000;42;0.0000;306;0;9.8639;0;0;11
CATALUNYA;CATALUNYA;2020-04-15;2020-04-21;Si;;;10867.6073;6013.6832;3806;25603.1853;16204;0;23.6364;0;0;979
CATALUNYA;CATALUNYA;2020-04-15;2020-04-21;No;78.9622;0.869322;90.8319;39.3339;3004;425.8248;32521;0;10.5602;0;0;555
CATALUNYA;CATALUNYA;2020-04-15;2020-04-21;--;;;0.0000;0.0000;40;0.0000;314;0;8.3893;0;0;13
CATALUNYA;CATALUNYA;2020-04-14;2020-04-20;No;82.4088;0.863927;95.3886;42.0705;3213;409.6932;31289;0;11.6775;0;0;588
CATALUNYA;CATALUNYA;2020-04-14;2020-04-20;--;;;0.0000;0.0000;41;0.0000;297;0;8.1272;0;0;13
CATALUNYA;CATALUNYA;2020-04-14;2020-04-20;Si;;;10805.9852;6214.3500;3933;22722.7480;14381;0;26.7993;0;0;1019
CATALUNYA;CATALUNYA;2020-04-13;2020-04-19;No;86.9303;0.847138;102.6164;41.6646;3182;381.5284;29138;0;12.3034;0;0;596
CATALUNYA;CATALUNYA;2020-04-13;2020-04-19;--;;;0.0000;0.0000;40;0.0000;281;0;8.5821;0;0;12
CATALUNYA;CATALUNYA;2020-04-13;2020-04-19;Si;;;10826.5259;6111.6465;3868;20510.6732;12981;0;27.9947;0;0;1080
CATALUNYA;CATALUNYA;2020-04-12;2020-04-18;--;;;0.0000;0.0000;42;0.0000;276;0;8.7786;0;0;12
CATALUNYA;CATALUNYA;2020-04-12;2020-04-18;Si;;;10696.9615;6062.6649;3837;19521.5598;12355;0;29.2551;0;0;1154
CATALUNYA;CATALUNYA;2020-04-12;2020-04-18;No;87.4171;0.827286;105.6673;43.5108;3323;377.9668;28866;0;12.9190;0;0;623
CATALUNYA;CATALUNYA;2020-04-11;2020-04-17;--;;;0.0000;0.0000;41;0.0000;308;0;7.6125;0;0;12
CATALUNYA;CATALUNYA;2020-04-11;2020-04-17;Si;;;10429.9325;6070.5651;3842;17922.5457;11343;0;31.9292;0;0;1216
CATALUNYA;CATALUNYA;2020-04-11;2020-04-17;No;86.3201;0.791977;108.9931;45.2261;3454;370.1629;28270;0;13.7459;0;0;673
CATALUNYA;CATALUNYA;2020-04-10;2020-04-16;Si;;;9548.2627;5362.7012;3394;15514.5443;9819;0;33.1565;0;0;1252
CATALUNYA;CATALUNYA;2020-04-10;2020-04-16;No;87.9484;0.770007;114.2175;45.2130;3453;345.5334;26389;0;14.7417;0;0;707
CATALUNYA;CATALUNYA;2020-04-10;2020-04-16;--;;;0.0000;0.0000;38;0.0000;283;0;8.6792;0;0;11
CATALUNYA;CATALUNYA;2020-04-09;2020-04-15;Si;;;8984.1836;5203.1158;3293;14307.3835;9055;0;34.3581;0;0;1300
CATALUNYA;CATALUNYA;2020-04-09;2020-04-15;No;92.2237;0.761025;121.1835;48.6305;3714;344.4597;26307;0;15.8589;0;0;781
CATALUNYA;CATALUNYA;2020-04-09;2020-04-15;--;;;0.0000;0.0000;54;0.0000;296;0;11.6364;0;0;10
CATALUNYA;CATALUNYA;2020-04-08;2020-04-14;No;98.2865;0.770431;127.5733;51.4980;3933;344.6037;26318;0;16.9414;0;0;834
CATALUNYA;CATALUNYA;2020-04-08;2020-04-14;--;;;0.0000;0.0000;54;0.0000;283;0;11.7424;0;0;7
CATALUNYA;CATALUNYA;2020-04-08;2020-04-14;Si;;;8375.8631;4853.9240;3072;12766.8315;8080;0;35.3474;0;0;1337
CATALUNYA;CATALUNYA;2020-04-07;2020-04-13;No;105.175;0.780298;134.7880;53.3181;4072;345.8345;26412;0;17.9730;0;0;873
CATALUNYA;CATALUNYA;2020-04-07;2020-04-13;--;;;0.0000;0.0000;57;0.0000;267;0;14.5749;0;0;8
CATALUNYA;CATALUNYA;2020-04-07;2020-04-13;Si;;;7912.9074;4591.6351;2906;11766.6577;7447;0;35.9817;0;0;1393
CATALUNYA;CATALUNYA;2020-04-06;2020-04-12;--;;;0.0000;0.0000;65;0.0000;292;0;15.1292;0;0;10
CATALUNYA;CATALUNYA;2020-04-06;2020-04-12;Si;;;7928.7079;4714.8793;2984;11474.3478;7262;0;38.0524;0;0;1406
CATALUNYA;CATALUNYA;2020-04-06;2020-04-12;No;118.336;0.787994;150.1732;60.9518;4655;360.0676;27499;0;19.4788;0;0;950
CATALUNYA;CATALUNYA;2020-04-05;2020-04-11;--;;;0.0000;0.0000;70;0.0000;301;0;17.1429;0;0;11
CATALUNYA;CATALUNYA;2020-04-05;2020-04-11;Si;;;7988.7500;4634.2966;2933;10693.8014;6768;0;39.7660;0;0;1398
CATALUNYA;CATALUNYA;2020-04-05;2020-04-11;No;121.855;0.781447;155.9345;62.1564;4747;358.8105;27403;0;20.1665;0;0;999
CATALUNYA;CATALUNYA;2020-04-04;2020-04-10;Si;;;7704.3404;4359.3673;2759;9644.6459;6104;0;41.5005;0;0;1383
CATALUNYA;CATALUNYA;2020-04-04;2020-04-10;No;124.668;0.766104;162.7302;63.7670;4870;359.3081;27441;0;21.2192;0;0;1047
CATALUNYA;CATALUNYA;2020-04-04;2020-04-10;--;;;0.0000;0.0000;73;0.0000;276;0;20.1550;0;0;13
CATALUNYA;CATALUNYA;2020-04-03;2020-04-09;Si;;;7231.9044;4185.5614;2649;9167.4698;5802;0;43.5713;0;0;1389
CATALUNYA;CATALUNYA;2020-04-03;2020-04-09;No;130.142;0.749788;173.5719;69.0045;5270;373.4102;28518;0;22.4621;0;0;1106
CATALUNYA;CATALUNYA;2020-04-03;2020-04-09;--;;;0.0000;0.0000;79;0.0000;350;0;18.2099;0;0;15
CATALUNYA;CATALUNYA;2020-04-02;2020-04-08;Si;;;6734.1876;3781.0678;2393;7878.1462;4986;0;46.6880;0;0;1369
CATALUNYA;CATALUNYA;2020-04-02;2020-04-08;No;136.063;0.73902;184.1125;72.5529;5541;367.3870;28058;0;24.0623;0;0;1155
CATALUNYA;CATALUNYA;2020-04-02;2020-04-08;--;;;0.0000;0.0000;69;0.0000;350;0;16.8750;0;0;16
CATALUNYA;CATALUNYA;2020-04-01;2020-04-07;No;144.009;0.737691;195.2161;76.0752;5810;359.4521;27452;0;25.6484;0;0;1213
CATALUNYA;CATALUNYA;2020-04-01;2020-04-07;--;;;0.0000;0.0000;74;0.0000;356;0;19.0184;0;0;16
CATALUNYA;CATALUNYA;2020-04-01;2020-04-07;Si;;;6215.9300;3521.9390;2229;7195.5632;4554;0;48.8805;0;0;1324
CATALUNYA;CATALUNYA;2020-03-31;2020-04-06;No;154.517;0.743914;207.7076;81.4698;6222;355.4978;27150;0;28.0697;0;0;1321
CATALUNYA;CATALUNYA;2020-03-31;2020-04-06;--;;;0.0000;0.0000;81;0.0000;371;0;20.4678;0;0;16
CATALUNYA;CATALUNYA;2020-03-31;2020-04-06;Si;;;5885.6989;3321.2722;2102;6694.6862;4237;0;50.3101;0;0;1246
CATALUNYA;CATALUNYA;2020-03-30;2020-04-05;--;;;0.0000;0.0000;80;0.0000;334;0;22.4026;0;0;17
CATALUNYA;CATALUNYA;2020-03-30;2020-04-05;Si;;;5550.7276;3213.8286;2034;6737.3477;4264;0;49.3052;0;0;1212
CATALUNYA;CATALUNYA;2020-03-30;2020-04-05;No;168.049;0.756823;222.0453;89.2214;6814;363.7993;27784;0;29.4433;0;0;1419
CATALUNYA;CATALUNYA;2020-03-29;2020-04-04;Si;;;5460.6645;3354.4533;2123;6960.1352;4405;0;50.0896;0;0;1139
CATALUNYA;CATALUNYA;2020-03-29;2020-04-04;No;176.404;0.773692;228.0030;93.7781;7162;374.1434;28574;0;30.6263;0;0;1497
CATALUNYA;CATALUNYA;2020-03-29;2020-04-04;--;;;0.0000;0.0000;82;0.0000;338;0;22.3642;0;0;17
CATALUNYA;CATALUNYA;2020-03-28;2020-04-03;Si;;;5248.9374;3344.9730;2117;6933.2743;4388;0;50.0388;0;0;1056
CATALUNYA;CATALUNYA;2020-03-28;2020-04-03;No;188.102;0.804484;233.8167;98.9632;7558;381.4367;29131;0;32.3292;0;0;1561
CATALUNYA;CATALUNYA;2020-03-28;2020-04-03;--;;;0.0000;0.0000;88;0.0000;323;0;24.8344;0;0;15
CATALUNYA;CATALUNYA;2020-03-27;2020-04-02;Si;;;4759.1208;3046.3429;1928;6195.3894;3921;0;50.8504;0;0;961
CATALUNYA;CATALUNYA;2020-03-27;2020-04-02;No;206.88;0.858125;241.0838;104.5674;7986;372.0353;28413;0;34.5847;0;0;1613
CATALUNYA;CATALUNYA;2020-03-27;2020-04-02;--;;;0.0000;0.0000;91;0.0000;253;0;31.0924;0;0;14
CATALUNYA;CATALUNYA;2020-03-26;2020-04-01;No;225.878;0.921265;245.1822;111.5595;8520;366.4704;27988;0;37.2810;0;0;1627
CATALUNYA;CATALUNYA;2020-03-26;2020-04-01;--;;;0.0000;0.0000;92;0.0000;217;0;37.0192;0;0;13
CATALUNYA;CATALUNYA;2020-03-26;2020-04-01;Si;;;4438.3700;2953.1198;1869;5846.1976;3700;0;51.2276;0;0;862
CATALUNYA;CATALUNYA;2020-03-25;2020-03-31;No;245.773;0.98983;248.2985;119.1408;9099;363.0268;27725;0;39.3454;0;0;1637
CATALUNYA;CATALUNYA;2020-03-25;2020-03-31;--;;;0.0000;0.0000;96;0.0000;180;0;46.5116;0;0;13
CATALUNYA;CATALUNYA;2020-03-25;2020-03-31;Si;;;3997.5351;2693.9910;1705;5274.2182;3338;0;52.1638;0;0;765
CATALUNYA;CATALUNYA;2020-03-24;2020-03-30;--;;;0.0000;0.0000;90;0.0000;178;0;43.8596;0;0;13
CATALUNYA;CATALUNYA;2020-03-24;2020-03-30;Si;;;3643.6031;2564.4266;1623;4974.0081;3148;0;52.3509;0;0;675
CATALUNYA;CATALUNYA;2020-03-24;2020-03-30;No;263.787;1.06824;246.9367;126.2377;9641;356.2834;27210;0;40.9389;0;0;1565
CATALUNYA;CATALUNYA;2020-03-23;2020-03-29;--;;;0.0000;0.0000;92;0.0000;182;0;45.1429;0;0;12
CATALUNYA;CATALUNYA;2020-03-23;2020-03-29;Si;;;3221.7288;2336.8989;1479;4321.4460;2735;0;54.2332;0;0;577
CATALUNYA;CATALUNYA;2020-03-23;2020-03-29;No;275.677;1.13793;242.2622;132.8239;10144;340.1911;25981;0;42.2314;0;0;1455
CATALUNYA;CATALUNYA;2020-03-22;2020-03-28;Si;;;2921.5187;2106.2111;1333;3733.6661;2363;0;53.8147;0;0;494
CATALUNYA;CATALUNYA;2020-03-22;2020-03-28;No;289.47;1.21663;237.9282;134.2249;10251;332.8455;25420;0;42.6471;0;0;1344
CATALUNYA;CATALUNYA;2020-03-22;2020-03-28;--;;;0.0000;0.0000;92;0.0000;178;0;47.0588;0;0;10
CATALUNYA;CATALUNYA;2020-03-21;2020-03-27;Si;;;2589.7075;1903.9643;1205;3144.3062;1990;0;54.4125;0;0;423
CATALUNYA;CATALUNYA;2020-03-21;2020-03-27;No;309.173;1.3419;230.3992;134.8534;10299;323.3917;24698;0;42.9293;0;0;1207
CATALUNYA;CATALUNYA;2020-03-21;2020-03-27;--;;;0.0000;0.0000;88;0.0000;185;0;44.0678;0;0;8
CATALUNYA;CATALUNYA;2020-03-20;2020-03-26;Si;;;2237.3556;1712.7778;1084;2818.8152;1784;0;52.9002;0;0;345
CATALUNYA;CATALUNYA;2020-03-20;2020-03-26;No;349.636;1.59445;219.2825;136.5164;10426;314.7105;24035;0;43.1675;0;0;1054
CATALUNYA;CATALUNYA;2020-03-20;2020-03-26;--;;;0.0000;0.0000;74;0.0000;171;0;40.6061;0;0;6
CATALUNYA;CATALUNYA;2020-03-19;2020-03-25;No;374.039;1.83941;203.3473;133.6226;10205;303.7116;23195;0;42.1134;0;0;893
CATALUNYA;CATALUNYA;2020-03-19;2020-03-25;--;;;0.0000;0.0000;70;0.0000;170;0;38.5542;0;0;5
CATALUNYA;CATALUNYA;2020-03-19;2020-03-25;Si;;;1859.7228;1485.2502;940;2539.1458;1607;0;51.3826;0;0;288
CATALUNYA;CATALUNYA;2020-03-18;2020-03-24;--;;;0.0000;0.0000;61;0.0000;155;0;36.3636;0;0;3
CATALUNYA;CATALUNYA;2020-03-18;2020-03-24;Si;;;1573.7331;1303.5440;825;2294.2375;1452;0;48.5409;0;0;249
CATALUNYA;CATALUNYA;2020-03-18;2020-03-24;No;392.729;2.12614;184.7148;129.1576;9864;288.1431;22006;0;40.9334;0;0;746
CATALUNYA;CATALUNYA;2020-03-17;2020-03-23;--;;;0.0000;0.0000;53;0.0000;115;0;42.9825;0;0;2
CATALUNYA;CATALUNYA;2020-03-17;2020-03-23;Si;;;1257.7225;1079.1764;683;1948.2058;1233;0;46.6499;0;0;218
CATALUNYA;CATALUNYA;2020-03-17;2020-03-23;No;411.107;2.50235;164.2884;120.6990;9218;267.8476;20456;0;38.9263;0;0;603
CATALUNYA;CATALUNYA;2020-03-16;2020-03-22;Si;;;1003.3339;884.8299;560;1701.7175;1077;0;45.4458;0;0;182
CATALUNYA;CATALUNYA;2020-03-16;2020-03-22;No;411.349;2.99423;137.3806;109.4383;8358;250.9696;19167;0;37.3438;0;0;480
CATALUNYA;CATALUNYA;2020-03-16;2020-03-22;--;;;0.0000;0.0000;43;0.0000;101;0;40.0000;0;0;0
CATALUNYA;CATALUNYA;2020-03-15;2020-03-21;Si;;;872.1894;815.3075;516;1629.0350;1031;0;44.4666;0;0;158
CATALUNYA;CATALUNYA;2020-03-15;2020-03-21;No;445.636;3.53711;125.9889;103.7032;7920;241.1755;18419;0;35.8618;0;0;395
CATALUNYA;CATALUNYA;2020-03-15;2020-03-21;--;;;0.0000;0.0000;36;0.0000;95;0;35.7895;0;0;0
CATALUNYA;CATALUNYA;2020-03-14;2020-03-20;Si;;;729.9846;685.7431;434;1373.0664;869;0;42.4385;0;0;144
CATALUNYA;CATALUNYA;2020-03-14;2020-03-20;No;452.356;3.98744;113.4450;95.5457;7297;227.8066;17398;0;33.0533;0;0;332
CATALUNYA;CATALUNYA;2020-03-14;2020-03-20;--;;;0.0000;0.0000;31;0.0000;81;0;35.8025;0;0;0
CATALUNYA;CATALUNYA;2020-03-13;2020-03-19;No;398.969;4.2544;93.7781;82.7661;6321;207.4588;15844;0;29.5391;0;0;266
CATALUNYA;CATALUNYA;2020-03-13;2020-03-19;--;;;0.0000;0.0000;32;0.0000;84;0;35.7143;0;0;0
CATALUNYA;CATALUNYA;2020-03-13;2020-03-19;Si;;;548.2785;524.5777;332;1162.9193;736;0;38.9503;0;0;131
CATALUNYA;CATALUNYA;2020-03-12;2020-03-18;No;346.724;4.54046;76.3632;69.7247;5325;177.0549;13522;0;27.0190;0;0;219
CATALUNYA;CATALUNYA;2020-03-12;2020-03-18;--;;;0.0000;0.0000;24;0.0000;64;0;34.3750;0;0;0
CATALUNYA;CATALUNYA;2020-03-12;2020-03-18;Si;;;383.9529;374.4726;237;927.4913;587;0;35.8261;0;0;108
CATALUNYA;CATALUNYA;2020-03-11;2020-03-17;--;;;0.0000;0.0000;15;0.0000;47;0;29.7872;0;0;1
CATALUNYA;CATALUNYA;2020-03-11;2020-03-17;Si;;;274.9292;270.1891;171;714.1841;452;0;33.8600;0;0;93
CATALUNYA;CATALUNYA;2020-03-11;2020-03-17;No;284.895;4.77881;59.6162;55.5571;4243;145.7606;11132;0;25.1458;0;0;161
CATALUNYA;CATALUNYA;2020-03-10;2020-03-16;--;;;0.0000;0.0000;11;0.0000;37;0;27.0270;0;0;1
CATALUNYA;CATALUNYA;2020-03-10;2020-03-16;Si;;;180.1260;178.5460;113;573.5593;363;0;28.8515;0;0;75
CATALUNYA;CATALUNYA;2020-03-10;2020-03-16;No;225.28;4.93404;45.6582;43.5894;3329;117.3208;8960;0;23.4013;0;0;126
CATALUNYA;CATALUNYA;2020-03-09;2020-03-15;Si;;;120.0840;118.5040;75;442.4149;280;0;26.1818;0;0;57
CATALUNYA;CATALUNYA;2020-03-09;2020-03-15;No;144.229;5.0;28.8457;27.9422;2134;90.3213;6898;0;20.9051;0;0;103
CATALUNYA;CATALUNYA;2020-03-09;2020-03-15;--;;;0.0000;0.0000;9;0.0000;34;0;23.5294;0;0;1
CATALUNYA;CATALUNYA;2020-03-08;2020-03-14;Si;;;58.4619;56.8819;36;320.7508;203;0;16.5829;0;0;42
CATALUNYA;CATALUNYA;2020-03-08;2020-03-14;No;107.112;4.63736;23.0975;22.2857;1702;71.5316;5463;0;18.6367;0;0;77
CATALUNYA;CATALUNYA;2020-03-08;2020-03-14;--;;;0.0000;0.0000;6;0.0000;25;0;20.0000;0;0;1
CATALUNYA;CATALUNYA;2020-03-07;2020-03-13;No;;;18.5670;17.8992;1367;50.5029;3857;0;18.4420;0;0;50
CATALUNYA;CATALUNYA;2020-03-07;2020-03-13;--;;;0.0000;0.0000;2;0.0000;16;0;6.2500;0;0;1
CATALUNYA;CATALUNYA;2020-03-07;2020-03-13;Si;;;44.2414;44.2414;28;265.4489;168;0;14.4578;0;0;25
CATALUNYA;CATALUNYA;2020-03-06;2020-03-12;No;;;11.5094;11.0119;841;26.4888;2023;0;19.5269;0;0;30
CATALUNYA;CATALUNYA;2020-03-06;2020-03-12;--;;;0.0000;0.0000;0;0.0000;9;0;0.0000;0;0;1
CATALUNYA;CATALUNYA;2020-03-06;2020-03-12;Si;;;23.7008;23.7008;15;180.1260;114;0;9.7345;0;0;15
CATALUNYA;CATALUNYA;2020-03-05;2020-03-11;--;;;0.0000;0.0000;0;0.0000;7;0;0.0000;0;0;1
CATALUNYA;CATALUNYA;2020-03-05;2020-03-11;Si;;;9.4803;9.4803;6;113.7638;72;0;4.1667;0;0;10
CATALUNYA;CATALUNYA;2020-03-05;2020-03-11;No;;;6.9004;6.6385;507;14.3901;1099;0;16.9444;0;0;17
CATALUNYA;CATALUNYA;2020-03-04;2020-03-10;--;;;0.0000;0.0000;0;0.0000;5;0;0.0000;0;0;0
CATALUNYA;CATALUNYA;2020-03-04;2020-03-10;Si;;;4.7401;4.7401;3;69.5223;44;0;2.2727;0;0;6
CATALUNYA;CATALUNYA;2020-03-04;2020-03-10;No;;;4.2293;4.0590;310;8.5633;654;0;14.5736;0;0;12
CATALUNYA;CATALUNYA;2020-03-03;2020-03-09;Si;;;1.5800;1.5800;1;33.1811;21;0;0.0000;0;0;3
CATALUNYA;CATALUNYA;2020-03-03;2020-03-09;No;;;2.1342;2.0688;158;4.8447;370;0;7.9670;0;0;9
CATALUNYA;CATALUNYA;2020-03-03;2020-03-09;--;;;0.0000;0.0000;0;0.0000;2;0;0.0000;0;0;0
CATALUNYA;CATALUNYA;2020-03-02;2020-03-08;Si;;;1.5800;1.5800;1;20.5406;13;0;0.0000;0;0;2
CATALUNYA;CATALUNYA;2020-03-02;2020-03-08;No;;;0.9165;0.9034;69;3.9936;305;0;5.3333;0;0;5
CATALUNYA;CATALUNYA;2020-03-02;2020-03-08;--;;;0.0000;0.0000;1;0.0000;1;0;100.0000;0;0;0
CATALUNYA;CATALUNYA;2020-03-01;2020-03-07;Si;;;1.5800;1.5800;1;12.6404;8;0;0.0000;0;0;0
CATALUNYA;CATALUNYA;2020-03-01;2020-03-07;No;;;0.8118;0.8118;62;3.6269;277;0;4.3956;0;0;2
CATALUNYA;CATALUNYA;2020-03-01;2020-03-07;--;;;0.0000;0.0000;2;0.0000;3;0;33.3333;0;0;0
CATALUNYA;CATALUNYA;2020-02-29;2020-03-06;No;;;0.6677;0.6677;51;2.6056;199;0;5.1282;0;0;0
CATALUNYA;CATALUNYA;2020-02-29;2020-03-06;--;;;0.0000;0.0000;2;0.0000;3;0;33.3333;0;0;0
CATALUNYA;CATALUNYA;2020-02-29;2020-03-06;Si;;;0.0000;0.0000;0;4.7401;3;0;0.0000;0;0;0
CATALUNYA;CATALUNYA;2020-02-28;2020-03-05;No;;;0.4975;0.4975;38;1.8724;143;0;5.6738;0;0;0
CATALUNYA;CATALUNYA;2020-02-28;2020-03-05;--;;;0.0000;0.0000;2;0.0000;3;0;33.3333;0;0;0
CATALUNYA;CATALUNYA;2020-02-28;2020-03-05;Si;;;0.0000;0.0000;0;3.1601;2;0;0.0000;0;0;0
CATALUNYA;CATALUNYA;2020-02-27;2020-03-04;--;;;0.0000;0.0000;2;0.0000;3;0;33.3333;0;0;0
CATALUNYA;CATALUNYA;2020-02-27;2020-03-04;Si;;;0.0000;0.0000;0;3.1601;2;0;0.0000;0;0;0
CATALUNYA;CATALUNYA;2020-02-27;2020-03-04;No;;;0.2618;0.2618;20;1.3879;106;0;2.8302;0;0;0
CATALUNYA;CATALUNYA;2020-02-26;2020-03-03;Si;;;0.0000;0.0000;0;0.0000;0;0;0.0000;0;0;0
CATALUNYA;CATALUNYA;2020-02-26;2020-03-03;No;;;0.1702;0.1702;13;1.0344;79;0;2.5316;0;0;0
CATALUNYA;CATALUNYA;2020-02-26;2020-03-03;--;;;0.0000;0.0000;2;0.0000;3;0;33.3333;0;0;0
CATALUNYA;CATALUNYA;2020-02-25;2020-03-02;Si;;;0.0000;0.0000;0;0.0000;0;0;0.0000;0;0;0
CATALUNYA;CATALUNYA;2020-02-25;2020-03-02;No;;;0.0654;0.0654;5;0.7070;54;0;3.7037;0;0;0
CATALUNYA;CATALUNYA;2020-02-25;2020-03-02;--;;;0.0000;0.0000;2;0.0000;3;0;33.3333;0;0;0
CATALUNYA;CATALUNYA;2020-02-24;2020-03-01;Si;;;0.0000;0.0000;0;0.0000;0;0;0.0000;0;0;0
CATALUNYA;CATALUNYA;2020-02-24;2020-03-01;No;;;0.0130;0.0130;1;0.2618;20;0;0.0000;0;0;0
CATALUNYA;CATALUNYA;2020-02-24;2020-03-01;--;;;0.0000;0.0000;1;0.0000;2;0;0.0000;0;0;0
